,parallax,phot_g_mean_mag,bp_rp
0,1.0958873202967456,14.447882,0.8358679
1,1.1417018894543072,13.718393,0.842082
2,1.1302185515056689,14.149156,0.78682613
3,1.16839158686107,14.359411,0.968462
4,1.1282729308880564,12.562445,0.7126322
5,1.1475886193176104,12.88945,0.72583675
6,1.194348403694512,14.59011,0.9932718
7,1.1449809958548884,16.114237,1.2979603
8,1.0507438050297124,16.434546,1.3966732
9,1.2248304467667932,15.720381,1.3322945
10,1.1614443624856257,12.390281,0.7816067
11,1.1521506313290233,17.575953,1.8685951
12,1.1406060608614237,14.696521,0.97691536
13,1.1907824989748226,17.233728,1.69907
14,1.1463666453012733,13.986189,0.775403
15,1.0677617804502897,17.511879,2.0325928
16,1.1368382183664567,13.699181,0.75373936
17,1.1656130107146512,14.034807,0.7885084
18,1.1168651977451838,15.831147,1.1894732
19,1.149714131125889,14.206959,0.8261156
20,0.877775501165374,14.469284,0.80631447
21,1.2166316306640776,12.464717,0.78820705
22,1.052465700040304,15.542323,1.106143
23,1.11441650343621,14.041427,0.7936554
24,1.1695066387068414,16.83582,1.5429115
25,1.2199593471368089,17.938349,2.0626526
26,1.0998206019645695,13.485824,0.7329273
27,0.8416802163464816,17.634897,1.8657608
28,1.167490616534254,12.697912,1.0938492
29,1.172402697847742,8.858565,1.6367264
30,1.079417122056316,17.267056,1.7357483
31,1.107735394686656,15.84601,1.1741085
32,1.1121668026117004,14.625885,0.88911724
33,1.1483328705688762,15.01497,0.97100925
34,1.1466730185239116,16.781284,1.5057507
35,0.4586014690056232,16.613552,0.9146919
36,1.1526976505645552,16.569128,1.4343853
37,1.130504951442845,15.204648,1.0021515
38,1.1477507819871064,14.980596,0.9520426
39,1.1328045243539713,14.462305,1.0001984
40,1.1754650006147955,12.787833,1.0106649
41,1.1527814260330285,15.324436,1.0352755
42,1.1399150776506994,12.497732,0.8481989
43,1.148896149245945,12.430536,0.78082085
44,1.1455626436653457,14.644585,0.89446545
45,1.1986862537454122,17.344692,1.7342033
46,1.1297047483040137,13.389088,0.71811676
47,1.1416986119937134,16.82277,1.546073
48,1.188203804096045,16.028463,1.2649784
49,1.1387764097927688,13.014684,0.74192905
50,1.2018841718108124,17.534235,2.013773
51,1.044474044049836,16.61028,1.4506922
52,1.09785214298995,15.659702,1.245822
53,1.161483913317375,15.915327,1.1952085
54,1.1720334661995724,13.204584,0.71120167
55,1.1324341918394667,14.222943,0.8348274
56,1.258703940254049,17.165012,1.8044662
57,1.12500794803951,15.258637,1.0038767
58,1.122858137026619,13.524892,0.7342062
59,1.0988460053567968,16.365112,1.3807573
60,1.1862181835380194,13.75739,0.76067543
61,1.1587257774885589,17.647688,1.8651218
62,1.1776446574837185,17.33302,2.1314812
63,1.209819422678799,16.668568,1.4754057
64,1.1680926281287092,16.125412,1.297679
65,1.1335659170397616,16.909548,1.657444
66,1.315842010207829,17.458586,1.7902164
67,1.089696964967683,15.567408,1.3324366
68,1.0824406075319744,17.302053,1.6975574
69,1.155422714122445,16.487295,1.4333696
70,1.0002432924766034,16.493284,1.6294403
71,1.1195722926204588,14.043963,0.81076145
72,1.3367509483164008,17.299242,1.7934246
73,1.1616089197820474,13.141925,0.76594925
74,1.1211968876546707,17.05594,1.6412868
75,1.1365107156660572,15.329233,1.0775299
76,1.133657635832198,16.555809,1.4160347
77,1.1860312245908633,16.402733,1.3949232
78,1.3111384052662989,16.74895,1.5378847
79,0.9976815181752436,16.129448,1.3802023
80,1.1517035789481922,13.207407,0.73400307
81,1.06528142413875,17.737473,1.9120865
82,1.2557382439349156,17.703156,1.9006252
83,1.2229013743358346,17.24666,1.707386
84,1.1418545331876582,17.209242,1.695076
85,1.033868482953683,17.873466,1.9272823
86,1.1263390880905002,15.716153,1.1521025
87,1.1631822543250008,16.685137,1.4935656
88,1.2282111263524909,17.905495,2.248539
89,1.078874885258175,16.165909,1.309001
90,1.116340997102261,13.82129,0.76503754
91,1.115480809476049,15.7027025,1.1454611
92,1.1916981344606936,17.611038,1.8262424
93,1.1695584827783538,13.780851,0.7681618
94,1.0313190876665568,16.358063,1.369628
95,1.1821101215965053,15.316563,1.0347748
96,1.1371465730154535,14.842712,0.9270382
97,1.390956602062779,17.991562,2.3231964
98,1.1469923387426275,13.223673,0.71833706
99,1.0844289606676838,17.874096,1.9317265
100,1.1304067764095382,13.497531,0.72711277
101,1.1506098304151269,13.70182,0.74299717
102,1.3007405965156764,17.637602,1.9982662
103,1.1973017147950151,16.133268,1.2875118
104,1.2190352300947722,15.597069,1.117343
105,1.2285507074238418,12.454363,0.6010361
106,1.116752239617244,13.580754,0.7415848
107,1.2096081851446303,15.153168,0.9939194
108,1.1957749517165586,16.77069,1.5677948
109,1.0147744489988708,17.551805,1.8248081
110,1.1354807688578596,13.519313,0.7500515
111,1.1831899504392334,13.127889,0.7354412
112,1.1580055798367657,15.813196,1.1814871
113,1.1485572710917131,13.405049,0.7436886
114,0.8867876894675151,17.34068,1.8325272
115,1.2413332077676296,17.581564,1.8033867
116,1.1416691827051262,13.381305,0.7361841
117,1.1345570942503178,13.277014,0.7365999
118,1.1812421617785736,14.855843,0.92749596
119,1.1917400672397604,16.32853,1.3417273
120,1.146247128039573,13.560265,0.74610233
121,1.200014111301081,15.24659,1.1060419
122,1.345895616816649,16.350328,1.3836918
123,1.19379924190674,16.799265,1.5463152
124,1.141229310368942,14.002153,0.79430866
125,1.2943679455829724,17.464241,1.8073769
126,1.216427701213476,14.8516245,0.93605995
127,1.2401260116059596,14.882329,0.9550381
128,1.0528238542740838,16.721853,1.5131817
129,1.1530946179273056,13.56774,0.74101925
130,1.2530670498807748,17.83423,1.9949207
131,1.1260073740133676,12.631922,0.7244501
132,1.116979133626179,15.490493,1.1290846
133,1.155703259110584,13.298922,0.7412176
134,1.12976734825351,15.073603,0.9965811
135,1.0929273294939044,15.253333,1.026391
136,1.0566674727245078,17.03083,1.8243256
137,1.1750824067679562,15.881221,1.3312197
138,1.1408635570858003,15.21902,1.0431957
139,1.1511949907027392,9.094762,1.483386
140,1.155616317210312,15.534751,1.0921993
141,1.1955157630400632,17.830132,1.9409256
142,1.2861531070652772,13.646353,0.7661152
143,1.22031924185358,17.51174,1.9568977
144,1.1086985946246954,14.535909,0.8764782
145,1.1468789802821828,15.466809,1.0793638
146,1.1061586749253636,15.495607,1.1684399
147,1.1905598283621697,17.50945,1.9276714
148,1.1283923415400154,15.816169,1.1649942
149,1.1485641042661476,13.459555,0.77516556
150,1.0692003974051063,16.71013,1.7003136
151,1.155151961830552,13.385247,1.2792387
152,0.4811664251680475,17.188974,0.9320774
153,1.1827862494009935,17.850863,1.883316
154,1.0888532300312752,15.215876,1.0156603
155,1.143185813300626,14.074816,0.8246212
156,1.135392019914078,12.96438,0.75546074
157,1.1012394187022665,15.314818,1.0363026
158,1.1597425525817515,13.560873,0.74447536
159,1.1879090612228893,17.691051,1.8508396
160,1.1737446440453905,14.620219,0.8855839
161,1.155380039750886,13.310611,0.7494755
162,1.1459637299655885,16.507046,1.454668
163,1.3347471317533188,17.94338,1.9951382
164,1.3306954615291955,14.791033,1.0199318
165,1.2837148709176047,17.738438,1.9398994
166,1.1148318822145746,15.526613,1.1029902
167,1.1439061285204002,12.728699,0.70472527
168,1.142951785683349,17.799356,1.9343548
169,1.205087636609872,15.949997,1.1969166
170,1.1353895564461711,15.056689,0.9808006
171,1.124400367500204,14.337803,0.8302803
172,1.173629208139961,14.022076,0.8114033
173,1.173549534421929,12.538585,0.7640152
174,1.169045679403406,15.46138,1.0925703
175,1.2377840962902789,16.645302,1.4440098
176,1.0521020975074011,17.88868,1.9871387
177,1.1974625837613575,12.646977,0.75673866
178,1.0080907465096915,13.41916,0.7644329
179,1.2218279035889534,16.23311,1.3354225
180,1.1409356378322533,13.618245,0.7491989
181,1.1357587306009551,14.5729265,0.88091564
182,1.2106094412215898,12.606146,0.7430048
183,1.1163833828605645,16.716963,1.6030464
184,1.1329994670291343,16.981943,1.6282692
185,1.1287080324056935,13.758011,0.7705841
186,1.2195923451127275,15.444592,1.2827625
187,1.248970609740535,17.95404,2.068447
188,1.378919928866308,17.937412,1.9731407
189,1.158474029305821,15.563312,1.1244469
190,1.138911951245019,14.780747,0.9177828
191,1.1281807899881124,14.5575485,0.9055023
192,1.1851421863536962,12.835385,0.7790823
193,1.1235082277517143,12.633916,0.72618484
194,1.1063780468834332,17.611193,1.8726654
195,1.2613502264885483,16.363602,1.4114132
196,1.1588235464189354,14.051254,0.8117533
197,1.0870972384704418,15.399096,1.0654964
198,1.427728121598455,17.244299,1.701086
199,1.1476824018373324,14.0869055,0.7771044
200,1.1262589774114633,14.189812,0.79874134
201,1.1811350509906289,8.222472,1.8043594
202,1.1376006567119523,16.56899,1.5172586
203,1.1962631901262597,13.085291,0.7594423
204,1.1975182950147931,16.69441,1.4792509
205,1.1103223219949434,15.43461,1.0705214
206,1.1491500704088171,14.227486,1.010293
207,1.125721146989938,15.127704,0.9732275
208,1.070398225937593,16.775866,1.5088272
209,1.243687622425787,15.403966,1.0657959
210,1.1961701571160923,15.87026,1.2032423
211,1.120660109495888,14.43516,0.85645485
212,1.1430784815537862,15.134989,1.1845846
213,1.048281038778142,17.282303,1.7428589
214,1.1478500994754248,16.481857,1.4096737
215,1.1924418402398214,12.827336,0.72296524
216,1.1188156222898,16.292366,1.5254793
217,1.182368440254217,16.775558,1.5738277
218,0.8730685728606096,17.782784,2.2292976
219,1.1281623824642129,13.95246,0.7931795
220,1.1524610466438383,14.743149,0.9287796
221,1.1619956688041355,14.47016,1.007678
222,1.2317405748543575,15.497033,1.0922327
223,1.1621499864326637,12.04278,1.1389227
224,1.1389694984527998,13.475734,0.8123636
225,1.1697270637570327,12.519697,0.7566509
226,1.252713096066143,16.931812,1.5951462
227,1.06965220668386,15.018668,0.96162987
228,1.117628079696173,14.3914585,0.8445692
229,1.090534475372965,13.652542,0.8121443
230,1.208215184419133,14.820488,1.0607452
231,1.1099962747999923,17.687927,2.0581322
232,1.172104512108807,13.862936,0.7744694
233,1.1756988028085855,14.285123,0.84154034
234,1.1349054718010532,13.237873,0.7385073
235,1.0881379072527044,15.128859,0.98975945
236,1.1498805939341723,15.371176,1.0486841
237,1.0727765594842538,15.516991,1.1100225
238,1.1708543283984352,13.897799,0.78917503
239,1.1405180672621074,14.345399,0.8269949
240,1.2068505196109585,15.509171,1.087964
241,1.2107168877413446,17.762472,1.9713192
242,0.9569380784007928,17.211037,1.7077904
243,1.1726613697027777,16.481094,1.3932304
244,1.4113181097163103,12.571531,0.9708433
245,1.1239949298108451,13.63848,0.7633362
246,1.1586061497234343,14.589741,0.9740372
247,1.1238336572976202,16.429888,1.3703032
248,1.208621792697113,17.299572,1.7184658
249,1.138710062545944,15.678186,1.1485643
250,1.1848325254011254,13.502274,0.741765
251,1.1065659556955076,14.922193,1.0335636
252,1.0167026696982466,16.704063,1.5817022
253,1.1628248034510882,13.060335,0.7601719
254,1.2178936801149374,16.734282,1.494937
255,1.2681899709303623,17.443262,1.8042336
256,0.990343348802354,16.686607,1.6180592
257,1.214340719579074,12.607555,0.9111614
258,1.124837526076483,13.109818,0.7485132
259,1.1312376711239105,14.771352,1.0262184
260,0.9972326186977596,17.587675,1.8515911
261,1.1423449412242836,13.979341,0.78594303
262,1.1175005639817286,15.289084,1.1163044
263,1.160469564793413,13.447599,0.7304659
264,0.96404317553111,17.419231,2.2583313
265,1.1574545662761666,16.28684,1.5955172
266,1.1683575145395793,14.834445,0.9364414
267,1.2793221028824422,15.995755,1.2535019
268,1.3091686604388078,16.968384,1.6100273
269,1.1701737398093677,15.38498,1.0604725
270,1.1806051960977666,15.055208,0.96562386
271,1.24006979968095,17.62686,1.8303509
272,1.1608148504094395,15.458443,1.3526049
273,1.2535184884120714,17.173012,1.7068768
274,1.1691726614826008,15.636947,1.1094742
275,1.155425456872371,15.54789,1.2963524
276,0.92217224849651,17.619106,1.989357
277,1.0858336353173077,14.606981,0.8952999
278,1.165668678415313,14.00437,0.80335426
279,1.097619130794319,16.163172,1.2856073
280,1.0358845365694436,17.682676,1.8968544
281,1.0541867290039364,17.374266,1.7415771
282,1.0417493649905147,16.410458,1.664403
283,1.151258927446204,13.826932,0.7705164
284,1.1535896792674465,11.829176,0.76370907
285,1.0808340202996838,17.02906,1.6184177
286,1.153007130081916,16.583542,1.4460363
287,1.1394810637498722,16.334093,1.3593464
288,1.2046753934273815,12.614841,1.115695
289,1.1501108560585709,13.1609125,0.7864113
290,1.1618858523789548,14.857274,0.9361534
291,1.1356339724971882,14.259432,0.8394699
292,1.1229013994488717,15.971808,1.4924746
293,1.1089513563185405,15.309071,1.0326033
294,1.1565504825451691,13.402018,0.7782326
295,1.2926730757580915,17.915897,2.080883
296,1.1380132062573187,13.184756,0.7799177
297,1.091614563765892,16.206846,1.3221111
298,1.1320137760582378,12.407134,0.89402103
299,1.11346554066129,17.073603,1.6683064
300,1.1233936121456083,14.795678,0.9303322
301,1.1172560393619997,13.732728,0.7682867
302,1.3315402711234396,12.647075,0.7408905
303,1.1593371856224122,14.28375,0.8476944
304,1.1634882161349271,15.414886,1.2419901
305,1.1674430580671058,13.959219,0.78636074
306,1.1035419930331989,13.699832,0.7550669
307,1.032502975146324,16.645363,1.7771587
308,1.1123583683305776,15.92281,1.2582283
309,1.1505987118170358,12.556582,0.73915195
310,1.1938733065198046,13.429287,0.7343483
311,1.1780903783504708,10.234691,1.2470694
312,1.149104574995496,13.392233,0.7301712
313,1.160532569959725,15.9672575,1.2357302
314,0.8450134717573847,15.46749,1.0947714
315,1.103726297596693,12.900631,0.77776337
316,1.1385067328330654,15.971505,1.5080137
317,1.1911351747846974,13.500302,0.80389977
318,1.1616816228051514,14.013014,0.79804325
319,1.219782119971965,16.82904,1.560358
320,1.2449842824121795,12.654641,1.1066475
321,1.1537012052776487,15.663899,1.1481543
322,1.1771229084364088,10.222875,1.2390194
323,1.1159981905639544,16.698328,1.5138655
324,0.9899585355993028,13.870309,0.85494804
325,1.1546786930826054,14.645685,0.89190197
326,1.1918370720809708,17.987682,1.8725338
327,1.2698999468478411,17.352844,1.7304745
328,1.1232532472267729,14.714022,0.9078007
329,1.1580863866435969,15.51013,1.1045036
330,1.192673652699089,14.369842,0.8586073
331,1.3339925773081347,17.955595,2.0052052
332,1.3890296957334236,17.994484,1.9741592
333,1.0775233461972102,16.3103,1.3256311
334,1.146057830424664,13.851966,0.7825279
335,1.1048762648496964,12.686858,0.7643986
336,1.1845211386424317,10.205753,1.2274218
337,1.1466871609564244,13.064538,0.7538004
338,1.123585323789394,15.07166,0.9893389
339,1.1622667106549676,15.285419,1.0465717
340,1.1433256724345688,14.457218,1.0028038
341,0.9221455899009812,14.676374,0.935688
342,1.129779451339704,15.156463,0.9940376
343,1.1344629850534564,13.7203045,0.7516947
344,1.0820166705913967,15.312484,1.0598898
345,1.1451108119948803,15.330952,1.0428371
346,1.1336331819521603,12.605678,0.74795246
347,1.2126210165688145,12.689348,1.0334959
348,1.1677461446336417,14.985489,0.9956541
349,1.1194168399924276,15.650209,1.3570805
350,1.169611904446264,14.480405,0.8666754
351,1.175003165166099,14.3154955,0.9790449
352,1.1256748700986043,14.823226,0.9218044
353,1.1213831680840651,11.133349,0.80954266
354,1.2057154357595827,15.992974,1.240488
355,0.9653768047422286,16.299547,1.3387833
356,1.1503627269383438,13.129307,1.2358694
357,1.0180960007978013,16.950493,1.6685562
358,1.1952371299182647,12.544513,0.9143181
359,1.1225773454197885,14.96619,0.9654255
360,1.2874629563885942,17.740652,1.8933086
361,1.1417129723773067,13.745495,0.8191881
362,1.1653892762379836,15.21319,1.0306034
363,1.1619051932502835,14.019467,0.8055372
364,1.1696899848253277,12.700096,0.70736885
365,1.1601748817212127,13.643402,0.74637127
366,1.1326906824392198,17.45398,2.0476131
367,1.1255430323898683,16.897709,1.5723324
368,1.2049308891291943,12.646031,0.7396383
369,1.1504785003477478,13.567353,0.7629566
370,1.14643050404975,13.119683,0.7652111
371,1.1547919457577276,13.462174,0.7255087
372,1.231909377640601,15.25841,1.0216599
373,1.1136675560890228,15.520462,1.1003284
374,1.0951974979037469,15.067369,0.9865551
375,1.1715919974337543,14.969253,0.95465183
376,1.1618785955302653,14.932814,0.9577627
377,1.1599406816400124,12.938089,0.73738
378,1.1370045521599306,12.008891,1.1517344
379,1.3637168020112265,17.813278,1.9133911
380,0.9667236704309472,17.80563,2.2930622
381,1.3303499271645864,17.367966,1.7478542
382,0.9791716503449082,17.87502,2.2273998
383,1.226805421256137,12.506425,0.790575
384,1.1635157310568554,12.722943,0.70821
385,1.169331637872779,14.196356,0.83211994
386,1.163168954545169,15.181992,1.1404877
387,1.1166606019374,13.46944,0.72751236
388,1.135786148489855,13.88508,0.8465862
389,1.158826963687591,12.798285,1.0301142
390,1.1469201738403147,13.431571,0.7471409
391,1.079211260718185,14.672547,0.9660454
392,1.1324125709174997,12.771166,1.0141916
393,1.20271063953514,13.486864,0.74941254
394,1.093972787459173,16.072231,1.131813
395,1.1410040755521444,12.661663,0.747283
396,1.0850906354783445,12.152578,0.8487072
397,1.1447604074712503,13.40965,0.7435446
398,1.1303945339284969,13.237622,0.74976254
399,0.9087089162833146,17.736376,2.212658
400,1.2178730127808317,15.237194,1.108387
401,1.157800068203947,13.950937,0.8757591
402,1.1599191007904217,15.228779,1.0252581
403,1.1705226025286304,13.612037,0.7541914
404,1.1553988837847953,13.148642,0.7470045
405,1.1530629383351183,14.762794,1.0040388
406,1.146631261323724,15.358693,1.0568094
407,1.1663224651706463,10.845772,1.2351999
408,1.1760488762712418,14.022008,0.7903757
409,1.161293466421352,10.931228,0.1225605
410,1.0950090285841547,15.321573,1.0133104
411,1.1296682844559027,14.453478,0.85626507
412,1.279918690167404,13.173609,0.7937145
413,1.111987348360675,14.146556,0.8259649
414,1.1654894993599636,16.37992,1.6547832
415,1.134061826304101,13.021137,0.75420856
416,1.153299274447539,12.497738,0.8518305
417,1.0587383632278091,15.109005,1.1866302
418,1.1295988550596074,15.21375,1.1886148
419,1.1905377048633794,9.409208,1.4588013
420,1.1586087692878173,14.422542,0.98479366
421,1.1612969689320956,16.008108,1.2616749
422,1.115066724752007,17.864029,1.9215431
423,1.1312888468455418,15.859119,1.2331905
424,1.2610981089409536,14.59748,0.9039612
425,1.117996839351071,12.653306,0.73326206
426,1.1575714097305163,10.210122,1.2341614
427,1.1836007680559986,13.150158,0.76391125
428,1.1379834532946482,14.4128,0.86724186
429,1.209003790847649,15.468982,1.090477
430,1.1255264375617482,14.953916,0.960207
431,1.2469505005845385,15.418537,1.051321
432,1.067366992601542,14.131107,0.8493166
433,1.1318515780002567,15.275958,1.031457
434,1.168942021245476,16.365776,1.3764458
435,1.1667045150912894,13.6506815,0.76056576
436,1.1616505264897945,15.270044,1.2519684
437,1.1174759203666238,13.17651,0.65837574
438,1.13939745499583,13.801401,0.76132584
439,1.12890779186052,13.277875,0.78312397
440,0.9750133466241586,13.35867,0.74669266
441,1.2307761529032537,16.308594,1.351532
442,1.055262608468046,17.047455,1.6554928
443,1.1883761137595965,14.705593,0.9268284
444,1.1486175014484674,12.390369,0.7697544
445,1.3061898014800346,17.396189,1.7976875
446,1.1202014609928008,16.767925,1.5409098
447,1.1614754067924695,13.943488,0.7974205
448,1.6119700783546456,15.663502,1.3230562
449,1.1464200613960638,15.765214,1.4140682
450,1.21982311388985,15.08917,0.9917793
451,1.1551143577898344,13.85127,0.80101585
452,1.119303305295679,13.358971,0.7733822
453,1.0450959181185435,16.316282,1.391943
454,1.136264899751253,13.987426,0.7807102
455,1.2078695398045902,15.021776,1.014677
456,1.158334969025947,13.630787,0.7623348
457,1.12142965270055,16.304115,1.6064682
458,1.122777097574212,15.434878,1.0462132
459,1.1982637068869544,15.319329,1.046361
460,1.061369341598028,15.9113455,1.2142239
461,1.10472635046028,15.164518,1.0073147
462,1.1648538164799989,11.871005,1.1569328
463,1.166103632371453,10.87859,0.34022808
464,1.1881258533755474,13.22975,0.7428093
465,1.106723409490982,16.1534,1.2891264
466,1.1786681739848954,10.236862,1.2579422
467,1.1465633762064429,12.492557,0.78215504
468,1.117502065437183,14.852621,0.94958305
469,1.1673580229650813,13.71689,0.754776
470,1.170970523788535,13.754309,0.75571823
471,1.1169105632586362,16.896048,1.5636387
472,1.246000547056515,17.08221,1.7381783
473,1.1840711564355584,17.32688,1.7528534
474,1.1074495819292327,11.241152,1.0594492
475,1.1538490674614794,14.8868475,0.949667
476,1.1779026848834402,14.689736,0.8942919
477,1.2473227685576178,17.541435,1.9331455
478,1.1678549417500703,14.234067,0.8424902
479,1.1072005613942684,13.5574465,0.72383595
480,1.0647944907701663,14.182933,0.9449425
481,1.1771611230855017,12.182929,0.33847523
482,1.1176956943094722,14.533395,0.9190531
483,1.1072800414686903,15.524313,1.0957127
484,1.1847627103530336,16.021338,1.2333775
485,1.0668963875580908,15.50867,1.0799856
486,1.2211695240980065,16.073326,1.2734985
487,1.184571092370747,13.770675,0.75028515
488,1.1352754639503018,13.323231,0.74468994
489,1.1885305507644452,15.435865,1.2977381
490,1.159765656636281,17.94578,2.0084705
491,1.1856353394322168,13.152652,0.6270447
492,1.2151630265626014,10.972071,1.2251043
493,1.1972278837024026,14.996793,0.96690845
494,0.9922956258970592,16.16025,1.4764757
495,1.2306049285722718,17.058317,1.7290173
496,1.0970607947988846,14.353016,0.8459978
497,1.1473345058209448,15.922245,1.2154188
498,1.0569172875527764,12.486162,0.75955963
499,1.1494238452980954,15.614151,1.1329508
500,1.1997500678851774,17.884417,2.0366192
501,1.1052137396840835,17.884558,2.016796
502,1.1482388377692994,13.336247,0.75470257
503,1.1620566566117003,9.921911,1.4008808
504,1.120125379291177,16.10769,1.5357819
505,1.2153311038787973,13.296779,0.79227924
506,1.1683850267716152,12.6679325,0.6588917
507,1.351418185318358,17.290668,1.8623123
508,1.209730078391315,12.12951,1.131733
509,1.19102529054882,12.577873,0.6597557
510,1.1644076200402365,12.549206,0.7349367
511,1.1950705700907047,12.670234,0.7535353
512,1.1427199543664086,13.090845,0.7459774
513,1.325873944561088,17.790794,2.0906296
514,1.131091271751489,14.777056,0.9155779
515,0.9809370682808016,16.957205,1.8605194
516,1.1993778030648812,12.491335,1.0882921
517,1.1691609936094862,15.436183,1.1278028
518,1.2049482956969113,14.465743,0.8518362
519,0.9530591554496132,17.476074,2.2499294
520,1.0355137789250066,14.911862,0.9777794
521,1.1779633520914006,12.437181,0.76172733
522,1.1581733525697715,12.715951,0.7045479
523,1.1015407184512491,15.847855,1.2532635
524,1.1050168184801783,15.30027,1.0373001
525,1.0240168696317804,17.867449,2.005499
526,1.1065778094522156,14.055045,1.0697441
527,1.066185533544451,12.5451765,0.6628523
528,1.1734913720701554,12.542159,0.7674351
529,1.2044516648749155,12.359346,0.83065796
530,1.1693028487856258,13.535529,0.76366234
531,1.1940471554837702,12.782185,0.69627
532,1.1505415402558807,12.681729,0.735446
533,1.0984145590236534,16.603622,1.4276028
534,1.3139380683463984,17.150425,1.789196
535,1.1150207035418402,15.818504,1.4210215
536,1.1591669331560932,14.004644,0.8303728
537,1.17210363735968,15.048021,0.9726238
538,1.157254899319787,15.070633,0.9949789
539,1.155961334790509,12.679014,0.7448349
540,1.1954023448326825,12.105291,0.7382269
541,1.1214761111562626,15.154757,0.9954653
542,1.2070847146687356,17.797817,1.9348679
543,1.064584695031297,14.860549,1.0036755
544,1.362163023216833,11.806252,1.1673508
545,1.0782169259290968,17.290304,1.7620564
546,1.2853698176423054,17.088352,1.6181202
547,1.1807642804908864,13.156977,0.78901005
548,1.0869080012281542,16.68003,1.7686586
549,1.157624067458051,10.169919,1.236659
550,0.9232785907225692,17.822386,1.937439
551,1.211770448373849,12.504823,0.78692245
552,1.185162918193904,15.566227,1.067028
553,1.1297534408615235,13.367362,0.77942467
554,1.1659984855010577,13.985338,0.8990402
555,1.1955166033196214,11.352173,1.198741
556,1.0804552905367324,15.944732,1.2247963
557,1.1557208812384503,13.447743,0.8108988
558,1.1031329106479288,14.631114,0.8776493
559,1.107446972731127,17.15753,1.934948
560,1.1718849113059844,13.54289,0.73766136
561,1.0702313584432983,14.304366,0.9444132
562,0.9821382352827758,15.614227,1.1005421
563,1.1187219312607466,13.283351,0.7329941
564,1.1401536357221718,15.193318,1.2007179
565,0.9837230158790816,17.997208,1.9863358
566,1.122584325468417,11.031843,0.28442955
567,1.1147577762637515,16.086548,1.3347073
568,1.163338028142793,14.37958,0.864151
569,1.2519023735041288,16.08055,1.2624617
570,1.1512501389072944,12.55852,0.76616
571,1.2571389989152442,17.012089,1.8808537
572,1.118572897192276,14.785978,0.9200764
573,1.172419008532738,12.405653,0.7626152
574,1.1946952151594008,12.937614,0.728776
575,1.1259749572363298,16.26802,1.3753643
576,1.177189770343793,13.054901,0.77423763
577,1.0936629392664563,17.3723,1.9181385
578,1.2085704522467644,12.357132,0.9978361
579,1.1965425200843511,15.443939,1.2941675
580,1.1550682309567175,14.765704,0.9189396
581,1.0058203854588852,17.485126,1.8293362
582,1.011213311664422,17.432917,1.7928543
583,1.1514502733017438,16.823189,1.5762148
584,1.1516329474587597,13.462918,0.7534199
585,1.1182615860409553,16.013441,1.0654402
586,1.1273424033916668,13.629351,0.8505039
587,1.148057043344093,14.75341,0.9130306
588,1.1747698144046694,16.11347,1.3146124
589,1.156051408513861,14.014697,0.7914524
590,1.1260384683463016,12.97168,0.7431812
591,1.141125443305171,12.620319,0.723979
592,1.069297275844421,11.260444,0.3940649
593,1.1339649572498915,15.465085,1.0703287
594,1.1461415038725684,14.967571,0.97196007
595,1.5846321187428505,12.632659,0.9622717
596,1.182116949555143,14.340963,0.83937263
597,1.1391250114179854,13.6566,0.7513056
598,1.1317626512764454,15.419273,1.2222929
599,1.177819697285492,13.319411,0.858448
600,1.1699554087559814,12.624251,0.729064
601,1.1639493874068922,14.216731,0.89420795
602,1.1481136612719698,14.332987,0.82174015
603,1.1444891099800591,13.908649,0.76998043
604,1.0914629325679663,13.925874,0.88783455
605,1.1857161936991911,14.006294,0.7880211
606,1.3354851360420876,12.5524025,0.98661804
607,1.137218136909094,17.3852,1.781498
608,1.2006774146390091,17.045351,1.6354389
609,1.206115001249728,12.479906,0.7909727
610,1.1692371122511642,13.048145,0.7472763
611,1.1325352100806465,14.423698,0.99103165
612,1.1106803155947071,13.777426,0.7652292
613,0.9783095374038498,10.008406,-0.10200405
614,1.1496256640053013,15.486406,1.0956535
615,1.1729727079209071,12.782083,0.60569096
616,1.1802394172312327,12.650929,1.1399078
617,1.1672326381545282,9.234212,1.4871311
618,1.209293745283163,12.4752865,0.77196884
619,1.0846353719082376,17.350405,1.9448395
620,1.169714315062678,13.967261,0.88873005
621,1.084898449645579,10.866512,0.27563953
622,1.1452386369686802,13.042321,0.75326633
623,1.1675831516078403,14.304262,0.8366766
624,1.1829045294358238,11.146684,1.2154837
625,1.155460391758301,14.733531,1.0991564
626,1.0552999230438342,12.210929,0.92181873
627,1.1085106570162568,17.182396,1.7001381
628,1.1986223583881732,13.010176,0.7429924
629,1.1531446485802408,13.555792,0.82334423
630,1.174836191439256,12.110562,0.75057983
631,1.1855681819321515,12.683977,0.7068682
632,1.149263233321299,14.14483,0.8678732
633,1.1716350307955128,9.258214,1.5186081
634,1.251831791627078,10.977456,0.58271503
635,1.190748409836352,15.839399,1.207511
636,1.119474856846474,15.536377,1.0956621
637,1.1156850678286436,16.762136,1.5222511
638,1.1405745194728616,15.925077,1.2692881
639,1.1338053733285154,13.871636,0.86847496
640,1.025605303840705,17.229115,1.7060318
641,1.0839366750866792,14.407771,0.8944063
642,1.1884501850741471,15.5028305,1.2632847
643,1.1428496755807436,14.028581,0.79596233
644,1.17745992529147,15.467181,1.0667372
645,1.0994147664082934,17.125044,1.6450901
646,0.8537425947011485,16.145187,1.4777136
647,1.329817098852759,17.719164,2.188816
648,1.2566514368166557,15.077661,0.9768238
649,1.1163385787218276,17.732718,1.9053726
650,1.1718476550398178,13.944253,0.80461025
651,0.9105164396273552,13.971025,0.7604704
652,1.1332857197357402,14.454188,0.85127926
653,1.2205256408091745,12.478206,0.7679453
654,1.120753585624436,13.508189,0.7412548
655,1.1983536199850642,15.982876,1.4072571
656,1.1406007062193395,13.080602,0.7654743
657,1.1426469907698855,13.848256,0.81522465
658,1.1727584165852136,13.301689,0.76684284
659,1.1754835943173385,12.946713,0.77453804
660,1.2508955092582283,11.2212715,1.1992569
661,1.0994519068874975,15.705956,1.1198587
662,1.1878950322851378,17.782135,2.0119133
663,1.175115165779732,14.330846,0.83936405
664,1.146439920421915,12.513201,0.8826494
665,1.093005141950047,14.99642,1.1688433
666,1.1518104068533068,14.032978,0.9211788
667,1.1269149169449653,17.483412,1.8219032
668,1.1549365951807669,13.733011,0.84986115
669,1.1119559617818506,15.490891,1.2284241
670,1.1796680102998034,12.582053,0.7360163
671,1.1496221428457618,12.476053,0.75163937
672,1.2621369199463846,16.189533,1.3151636
673,1.1916506765624693,14.979486,0.9902525
674,1.1189767817141931,17.226446,1.6749802
675,1.1661968586223292,13.701042,0.75565815
676,1.1971104721244714,12.669828,1.0850782
677,1.1807411446386769,13.218655,0.7462158
678,1.178717093595406,17.512157,2.0207653
679,1.1333270458433289,14.595134,0.94522
680,1.152612796694669,17.278978,1.7104263
681,1.1465277837638408,13.696044,0.75548744
682,1.065430474236935,14.711714,1.0577097
683,1.1894204422804926,16.071657,1.2615585
684,1.1907763139891792,15.487612,1.4511023
685,1.1369185828078567,16.064222,1.266778
686,1.1570041195447474,13.264436,0.740324
687,1.136588696349382,13.357633,0.7251568
688,1.1776333916293928,13.816404,0.7708521
689,1.1561761278494642,13.282914,0.7429552
690,1.1401604588075591,14.115577,0.97070694
691,1.0125297479834503,17.225681,1.6809692
692,1.1711187606178073,12.726845,1.0717802
693,1.2720202715435465,15.7270155,1.3110161
694,1.303952639785231,17.30213,1.8409672
695,1.1420813291546128,13.646082,0.74066925
696,1.1478463359125226,16.039473,1.2588825
697,1.1456107760547898,14.00755,0.8529644
698,1.1810930230379637,15.329978,1.05095
699,1.2330575367859908,16.618692,1.4616194
700,1.0793227229445972,17.002968,1.6172504
701,1.121547336557403,15.260983,1.0329494
702,1.194328838531942,16.575846,1.4613152
703,1.1712627032770904,13.566598,0.74760723
704,1.2010145823413003,12.614237,0.74175644
705,1.1684561011726533,14.855805,0.9310608
706,1.0146319126556729,17.543928,1.7788143
707,1.1484106186508898,17.62397,1.806839
708,1.1856122329244592,16.96763,1.5916958
709,1.1928675245477285,12.58977,0.9082613
710,1.133188255371952,13.27827,0.7482071
711,1.2372274560279273,16.84414,1.5517578
712,1.190975564593043,16.311075,1.3444366
713,1.1398841940372748,13.249134,0.73538685
714,1.0820032718454689,14.831528,0.9396677
715,1.065344818202159,15.323898,1.1597042
716,1.1474845645421368,14.223176,0.81415844
717,1.1652108145702802,13.132758,0.757637
718,1.0960951536878016,11.2497425,0.14682293
719,1.1943369814690792,17.669428,2.1056843
720,1.1321132925613555,14.33254,0.83200836
721,1.1413474446249217,13.522219,0.74252796
722,1.1072771795154928,17.251703,1.7221985
723,1.2237860664089295,12.601999,0.9179535
724,1.1994518948509252,14.357657,0.8860092
725,1.1753934561804975,17.756857,1.9726543
726,1.4566891891144258,14.424609,0.83229446
727,1.137687286282276,15.615606,1.3317327
728,1.1173609348136335,15.142609,1.0002985
729,1.19506307548707,15.112006,0.995553
730,0.8156868008192785,15.182085,1.009778
731,1.0919097851016712,16.21151,1.4630728
732,1.1340564643745386,17.032236,1.6106358
733,1.1781231211794791,10.512736,1.1006708
734,1.1350684189173046,14.541533,0.8822565
735,1.138710628995105,12.992477,0.75508595
736,1.1670147757357756,15.050134,0.9879656
737,1.2005404438602607,16.662333,1.8249722
738,1.1480116098473825,12.958711,0.7166929
739,1.1234658038125964,17.851824,2.1973076
740,0.8393156300043457,13.252105,0.7406626
741,0.7571098750698309,17.432528,2.0630283
742,0.9986282032179216,17.197443,2.052206
743,1.1850340822961247,13.221856,0.7272253
744,1.2162979022800706,17.943571,1.9488316
745,1.153956309976424,14.419957,0.8448429
746,1.186706356939782,12.934086,0.7200918
747,1.0749474517819972,15.241742,1.0469055
748,1.102498225809177,14.231096,1.1509209
749,1.1288742969554475,15.931817,1.2123566
750,1.1519569504469271,13.348781,0.73667717
751,1.1870506926029027,14.705977,0.9564123
752,0.998624057447681,15.67079,1.1552839
753,1.0465908006322229,17.98628,2.0294628
754,1.0924921760065442,16.25116,1.3152819
755,1.215794800485435,17.89022,1.8975449
756,1.1387601234987006,14.329582,0.82022
757,1.043617052367201,16.947237,1.6121101
758,1.1419076461708992,14.483813,0.8662548
759,1.2567151816335969,15.648104,1.119195
760,0.9295774935605524,17.831444,2.0896378
761,1.2446486468729636,17.541813,1.8482265
762,1.0697105003341298,13.630524,0.77370834
763,1.0584768707355112,13.337077,0.7885809
764,1.1806644130765818,15.176177,1.1777039
765,1.133119926009633,14.048451,0.7632761
766,1.2048993265248569,16.13321,1.2780113
767,0.9823188757190012,16.133791,1.6648321
768,1.1084356643831943,15.37342,1.0435658
769,1.1534567444598798,14.5953865,0.93205357
770,1.0452697483658202,16.22102,1.5852375
771,1.1557868546226395,14.694768,0.904541
772,1.174805110038957,13.031916,0.7444563
773,1.145300527406056,13.2420635,0.7311497
774,1.2122412935346087,12.498256,0.8654661
775,1.175451005810465,13.884225,0.7675934
776,1.0650238859357577,15.844483,1.2202606
777,1.1539230126758735,12.564291,0.74059486
778,1.249385045108378,16.612162,1.5303602
779,1.122256470340747,14.613161,0.8826666
780,1.1002058137094062,16.646383,1.668479
781,1.1911197679997585,14.478987,0.8739338
782,1.112751272776897,16.683075,1.5068693
783,1.1863568069071122,13.981238,0.7815771
784,1.2464238204193012,16.989664,1.7299271
785,1.2256528959539013,16.955397,1.5907211
786,1.1597529619130709,14.370695,0.9778242
787,1.1001952338359602,13.978698,0.7771692
788,1.086615919822549,15.021946,1.0051737
789,1.1971884675337028,15.4304495,1.0489044
790,1.152828112024887,15.46716,1.262433
791,1.1990922435893647,15.079404,0.9866047
792,1.2344481502995406,15.622816,1.2603703
793,1.17253033894808,13.576005,0.73956585
794,1.1006506091847656,17.126034,1.9515877
795,1.2046256707750382,16.714752,1.5186491
796,1.15999652340297,13.952044,0.8713112
797,1.037710332177406,16.25642,1.3152981
798,1.1974372150164654,14.7921715,0.91913986
799,0.9853885479352456,17.013369,1.7292767
800,1.2142353303441626,15.355323,1.2652607
801,1.1655713612446683,13.319092,0.648366
802,1.2013230888602429,12.695327,0.96841717
803,1.218276274550113,14.309361,0.8279934
804,1.100796636583372,13.604394,0.7462406
805,1.2096710798164352,17.797903,1.9104099
806,1.0765512851613324,16.349297,1.5082054
807,1.6425886660195663,15.790615,1.2663555
808,1.1488719732576451,15.931609,1.2345314
809,1.183441424147861,16.02001,1.2250347
810,1.1608150866882294,13.559339,0.74651146
811,1.1068811034069663,13.543837,0.7501888
812,0.7951772608768457,16.907835,1.1413841
813,1.1270508113483455,15.631971,1.4175091
814,1.175726643877017,17.637362,2.0956306
815,1.125514565432455,15.0919895,0.97578335
816,1.222796514553622,16.116764,1.3781404
817,1.198377485456572,17.150433,1.9533863
818,1.1315310929740945,16.207754,1.306529
819,1.1523082073150377,14.427105,0.99586105
820,1.1591146785838828,13.885436,0.7747469
821,1.1842722728713826,17.356447,1.763176
822,1.1554649742275136,13.069575,0.7319746
823,1.1906199447939705,14.740636,0.92677784
824,1.2238869236051355,17.90592,1.9403858
825,1.197132687579274,10.960272,1.2252474
826,1.1561639785858304,17.851322,1.9636936
827,1.1728343536955887,14.370622,0.8454981
828,1.1820988824831915,10.640092,0.1401701
829,1.181098739399472,13.221919,0.7373276
830,1.2436404594579058,13.283628,0.72678375
831,1.191740997843661,16.543694,1.4470825
832,1.1664806125391356,12.279008,1.1526117
833,1.463149593060256,16.49889,1.5358458
834,1.3592930502300544,17.06271,1.6366329
835,1.1444482936268856,13.536232,0.7390928
836,1.0890588061901678,17.047773,1.6099567
837,1.113630410961549,17.071058,1.9733429
838,1.2039230314841898,16.248579,1.3712358
839,1.175932797447876,10.147911,1.2281027
840,1.1394345272136428,15.073325,0.9867172
841,1.1436050945138665,16.652458,1.4770699
842,1.0941891079470014,13.932858,0.7817707
843,1.1352121992742288,17.401415,1.8350182
844,1.262779749071367,16.090982,1.2539062
845,1.1479300800918495,15.014009,0.96694946
846,1.142909376125966,16.372826,1.5052404
847,1.1734004281522512,14.749684,0.9803457
848,1.6622698480653877,15.469993,1.2113991
849,1.1485762475750647,14.38763,0.836771
850,1.243588060817167,14.549583,0.88119316
851,1.3416663536873186,17.813705,1.8573952
852,1.1809791276690245,13.992014,0.76882744
853,1.1518183420410624,15.192,1.1969833
854,1.1611473132023893,13.562483,0.78445625
855,1.1593447725621102,13.2109785,0.75927544
856,1.1363185255240893,13.550175,0.74014187
857,1.1708293956288622,13.775511,0.7743521
858,1.0485643272477891,17.431898,2.0175934
859,1.1620889654408315,13.872696,0.8768215
860,1.1919295679244553,12.536666,0.739871
861,1.183530726801976,17.001232,1.6210175
862,1.1603930736879924,14.414763,1.0019436
863,1.1034820467525404,15.383015,1.0541439
864,0.9233844169278446,17.929728,1.967844
865,1.0230426579075536,17.727474,2.0537548
866,1.1348171776928684,12.572901,0.7383938
867,1.1986323362760365,13.040115,0.7442293
868,1.1592611514668354,13.410427,0.73379993
869,1.2701700217086174,16.246227,1.5720253
870,1.2448143874265911,17.82385,2.1040382
871,1.2229473226205825,13.350618,0.72792625
872,1.1743568146344645,13.524063,0.7305336
873,1.1701211232157724,17.425936,1.8043175
874,1.1291568930199434,17.600506,1.7815857
875,1.1884691727308323,17.803898,1.8562031
876,1.1523114153632217,14.207137,0.8176451
877,1.106011818102264,15.386318,1.0594673
878,1.234790380050964,16.486538,1.4227257
879,1.1292708563594205,15.8911495,1.2004805
880,1.1099441120943034,15.617603,1.106535
881,1.1115477124945732,16.386658,1.3776064
882,1.148524052178257,16.043224,1.249424
883,1.1323369344201926,14.349534,0.8319626
884,1.1118491761130465,14.445664,0.8712406
885,1.043222691764934,17.323992,1.6538792
886,1.3773084158232212,12.2207,0.5397787
887,1.2037695480729362,16.387348,1.3871326
888,1.1363390292197852,14.014649,0.7984829
889,1.03744448585197,15.868754,1.2071266
890,1.207080168273699,14.836234,0.9302206
891,1.2331326182265463,14.599969,1.032628
892,1.145734794239688,16.619219,1.6058245
893,1.0678979629082317,13.976336,0.7843218
894,1.1568720743566456,13.151058,0.7461138
895,1.171919203472662,16.00579,1.2200623
896,1.222518978598934,14.627281,0.8787594
897,1.163966201676433,12.53787,0.74940586
898,1.170959183922648,15.716253,1.2639933
899,1.146771253234416,14.074452,0.79384136
900,1.169407184151365,13.230782,0.75239563
901,1.1392711511157656,13.862155,0.8866339
902,1.110470097096086,16.339571,1.3367033
903,1.1644582829236667,13.169649,0.725646
904,1.2054857925323954,16.072285,1.2649479
905,1.1778103885999522,13.999897,0.78497314
906,1.1767322900760782,12.576983,0.74893
907,1.128511691604889,14.774575,0.91657925
908,0.6966034768232586,16.18358,1.3526278
909,1.213697106322298,12.249378,1.1126966
910,1.1711731381142008,13.98377,0.89772415
911,1.052180554753061,17.111662,1.6497574
912,1.1870194063715325,15.314507,1.0695724
913,1.1333438379700798,15.368779,1.053546
914,1.1527708267897483,15.692035,1.273489
915,1.2574703576342998,17.50314,1.7818031
916,1.1067392699870384,16.547073,1.4473095
917,1.3099237661059129,13.292193,0.7456989
918,1.0603680895899252,17.119549,1.876461
919,1.1207519728350803,14.867337,0.9441719
920,1.0677905114150346,17.049267,1.6534405
921,1.100589660180717,17.517235,2.1661797
922,1.071607283467494,15.995378,1.2514381
923,1.140031985679314,15.33606,1.2474442
924,1.1606062868335307,14.496078,0.86559105
925,1.1478513512234012,16.54981,1.4550695
926,1.1060934570050205,12.560714,0.7372503
927,1.3487223903328769,13.04971,0.7578497
928,1.116759361238982,16.309988,1.3592129
929,1.148384858200616,17.167074,1.6761703
930,1.162954878658609,16.09723,1.4619074
931,1.059142684344332,17.005371,1.6241379
932,1.056812510742369,15.860882,1.3841066
933,1.0360012338326277,15.458749,1.0948849
934,1.2535601870004744,17.253534,1.6999454
935,1.126502588701083,13.891024,0.7666836
936,1.0986828339456585,16.693424,1.6356487
937,1.1216282025178883,15.905231,1.1914206
938,1.1581514388735228,15.728919,1.1601219
939,1.3080747258772565,14.770731,1.001195
0,0.4171038688697858,17.939857,1.3748665
1,0.9783192700179512,16.990763,1.4897671
2,0.4839895217794506,16.973495,1.124342
3,0.5706623112321682,14.377251,1.0464582
4,0.5788803471699976,17.11018,1.0770226
5,0.3289993428601883,16.56502,0.7991886
6,0.5047106030669731,17.484272,0.9559536
7,1.3162583664174734,13.750735,0.8993559
8,0.3495495344398286,17.692755,0.85531807
9,0.6012892113478859,14.363307,0.87687683
10,0.4733319309232117,16.968222,1.1627731
11,0.513304261452104,17.829496,0.9766941
12,0.1586331259275921,15.539597,1.2277508
13,0.5634208140151553,16.007051,1.019886
14,0.5728548398781769,17.614836,1.1080208
15,1.0860205978327837,16.720201,1.5408173
16,0.869144977352248,17.494352,1.8777008
17,0.3507967605909721,15.600187,0.97638416
18,0.7095398072145787,14.87862,0.91339874
19,0.2774838756619702,16.01918,0.8792286
20,0.4931491995893552,16.799955,1.1353531
21,0.5302510078033461,16.883064,1.078907
22,0.740280676521411,16.913979,1.2904072
23,0.4526211350634602,15.598738,1.0041313
24,0.5145358525556936,15.681854,0.9943323
25,0.5017962075049494,15.397891,0.83142376
26,0.5403060852913776,15.912059,0.9860039
27,0.5746493125009127,12.791715,1.4139452
28,0.2405033987052363,16.969315,0.88547707
29,0.478056432148023,16.203705,0.98542786
30,0.543185612489991,15.806954,1.0166168
31,0.5620514663356352,14.794596,1.0170107
32,0.2477690613544977,16.193129,0.8111725
33,0.4793420526184545,15.021841,0.7417536
34,0.5236269214651412,16.517014,1.013936
35,0.3848050971346095,17.88673,1.1194725
36,0.2761954827271787,13.076601,1.3496065
37,0.543809712603939,17.816069,1.3921947
38,0.5699096641047713,14.21875,1.2756424
39,0.5488550897028368,17.677479,1.1846218
40,0.5159408138638208,17.776983,1.2498932
41,0.2460385594679973,16.767532,0.8216305
42,0.598928899775394,17.506895,1.3172913
43,0.695184423916014,15.559652,0.8633337
44,0.502753253285102,14.406227,0.6973734
45,0.5636085882107529,17.315527,1.1950245
46,0.3744580774149007,17.377916,1.1939354
47,0.5127193072785896,16.285997,0.9858284
48,0.5076093121095859,15.748509,0.8899317
49,0.5378957460858266,14.851937,1.0414991
50,2.6157371405473704,14.672868,1.5185452
51,0.7531571896624883,17.82534,1.4638805
52,0.5153336854362296,15.180423,0.9289017
53,0.5056396637367544,16.267113,0.98748875
54,0.5166076450666343,17.039402,1.0917931
55,0.6027292921305101,17.262083,1.1614475
56,0.5734744238218057,15.294525,0.88162136
57,0.1955284325571184,16.431356,1.2234812
58,0.5599639018844238,16.23186,0.86597824
59,0.5733178560479977,12.335592,1.3680182
60,0.4745797864754873,17.012033,1.1853371
61,0.5326918121362128,16.585052,1.0106983
62,0.5318920707242586,14.902516,0.69394875
63,0.564056864595649,14.782731,0.9015379
64,0.5352113662125896,14.90912,1.1580305
65,0.5345971444889155,15.036944,0.8627653
66,0.5538248360838965,15.356762,0.84233093
67,0.6663191346999037,16.244822,1.1998053
68,0.5213027666908698,14.826034,0.9007416
69,0.618640696929908,17.328888,1.1599903
70,1.4581553198951598,16.957438,1.9180298
71,0.4230771316109953,16.07128,0.9539814
72,0.4622892859285346,16.738237,1.1371441
73,0.2857971107490569,16.730795,0.90073586
74,0.2298410104774529,15.791412,1.1401558
75,0.5480692325428997,14.956928,0.86911774
76,0.4280401260411817,17.303467,0.9559803
77,0.5586074547749523,10.056389,2.1774645
78,0.4689016452600983,16.495275,1.0098782
79,0.5406494333283444,15.691486,0.9414768
80,0.568461211740488,12.246192,1.402441
81,0.6089275211505046,17.56953,1.2225094
82,0.3669169293806932,17.742535,1.4598942
83,0.5374248689931679,15.833477,0.8373823
84,0.519581342565651,14.341049,1.364768
85,0.4946638017629876,16.112738,0.9624071
86,0.5398191981833643,17.463812,1.2438755
87,0.3485176484639447,15.660443,0.95447445
88,0.5026926719016361,15.700808,0.8731804
89,0.5283303445274302,15.367089,0.8609371
90,0.5078180292009222,15.626873,0.906559
91,0.91972978014648,17.41432,1.5783939
92,0.5436369028973598,17.526638,1.2075081
93,0.4599135235772486,17.166393,1.1336021
94,0.5272473793829151,15.964418,0.90698147
95,0.5062806249391931,16.48487,0.961442
96,0.4290507333650408,17.343079,1.341938
97,0.5316775871912957,17.825226,1.318922
98,0.5641300654765672,16.25696,0.970006
99,0.2848433771681384,16.295412,0.835021
100,0.523845496891145,17.403515,1.4560566
101,0.4945372608608832,14.8883295,1.0832348
102,0.5340393368006375,15.8871765,0.9005108
103,0.5477598131499856,15.253853,0.8445444
104,0.5516758681196244,17.745926,1.2897282
105,1.0985072843893235,15.227771,1.0096922
106,0.3815792789185512,17.81737,1.6001225
107,0.5256698996220692,17.693813,1.2701702
108,0.4238955042148071,17.513826,1.2115555
109,0.5426217199388685,12.080218,1.3137608
110,0.619481855721581,17.978872,1.3526955
111,1.1533992558539805,13.803442,0.75992775
112,0.5772985935162422,16.721088,1.0229015
113,0.5061147326218893,17.78368,1.2836628
114,0.5652731261698634,15.030864,0.84016705
115,0.5517812388057075,15.137805,0.9015999
116,0.5080356578862073,17.623657,1.2980919
117,0.7250197217808373,15.726391,0.90503025
118,0.5561263116632055,15.9525175,0.90583897
119,0.558714864127529,15.70184,0.9010391
120,0.4562509574379164,17.312471,1.173029
121,0.4865586287198618,16.980185,1.105629
122,0.574055592075559,15.29221,0.85182476
123,0.5149381895270726,15.490114,0.8607216
124,0.4772740909963348,16.896105,1.0823689
125,0.5280019243512402,15.540847,0.8890619
126,0.6095015733054556,17.724512,1.2676697
127,0.2657147579706967,16.759806,1.0075569
128,0.4546970577247745,16.576666,1.0271406
129,0.5238185140021556,17.639702,1.4912109
130,0.542935080587997,16.453148,0.9781294
131,0.5093467203360758,15.800952,0.8682976
132,0.5305460202443615,15.812217,0.95281124
133,0.5912604971398713,17.70858,1.2808132
134,0.5282671506675166,17.045675,1.102766
135,0.6110223579385455,17.249964,1.1650505
136,0.5388949843414778,14.746948,0.9607372
137,0.511568304668055,16.293081,1.0331135
138,0.5368461072673719,15.158102,0.85499096
139,0.5091069276231123,15.755715,0.8977814
140,0.6157757203056601,17.49311,1.2098904
141,0.5097147640794057,17.256454,1.1849728
142,0.5012160053668617,16.034847,0.9110966
143,0.5242595135304141,16.073551,0.9733639
144,0.4996010548509809,16.447792,0.97585297
145,0.5741421365374867,17.463083,1.4471779
146,0.5173222047355321,17.709185,1.2798996
147,0.5418278447894473,16.451538,1.0106745
148,0.5096729687884705,14.864755,1.0506287
149,0.462373261925589,16.773592,1.1188812
150,0.4860266228215063,14.7795105,0.8806467
151,0.5254357248220759,15.961491,0.91250515
152,0.4447745492896897,17.067345,1.2612228
153,0.5218078559312319,15.398883,0.84114265
154,0.4772417977356567,17.717484,1.3374367
155,0.3842667682453211,17.332138,1.0196857
156,0.657998773387597,15.86819,0.9060297
157,0.4903722356565875,16.526861,1.039319
158,0.54929458082714,14.865593,1.0583849
159,0.5250008934872655,16.05513,0.9557581
160,0.5096325766619892,14.763145,0.8839607
161,0.6475871347791541,17.165476,1.1333351
162,0.503779940196138,15.565131,0.8357992
163,0.3439351293147617,17.330572,0.9248104
164,0.548487048778831,15.81894,0.8752041
165,0.5129516808560863,14.66955,1.1840811
166,0.522288901992744,17.02309,1.0967522
167,0.5191364002120364,15.480241,0.87800026
168,0.5318040132627279,15.78477,0.98274994
169,0.5201483791708413,15.704668,0.8286829
170,0.5068888481323959,15.870834,0.95298195
171,0.521814055697836,16.070175,0.9049072
172,0.5321748041058671,16.355865,0.964756
173,0.5488165415828943,17.50803,1.2651768
174,0.5421353722784904,17.183275,1.1608353
175,0.6115837683518025,17.854393,1.3856049
176,0.6750544443007731,17.432093,1.270956
177,0.5330740204199453,16.258324,0.9772339
178,0.5352457831661543,14.18164,1.2157059
179,0.4993375876125839,16.270084,1.0459366
180,0.4099093264899763,17.931448,1.3687496
181,0.5500362856187437,16.611406,1.01404
182,0.5404502960243541,16.383392,0.98257446
183,0.5859935945097103,16.111721,1.0181313
184,0.5033144618038337,17.639912,1.2358418
185,0.4326978865752497,17.741846,1.2881641
186,0.5624055795927797,15.996317,0.91818523
187,0.5221142097499476,14.930451,1.1502094
188,0.4784007063113397,17.014591,1.1071892
189,0.520013215799212,17.680769,1.2640095
190,0.5006978361305723,15.320309,0.8610811
191,0.5027862278627713,17.600649,1.1839104
192,0.5003870148393325,16.632944,1.0413408
193,0.5275699065824415,13.172752,1.2969999
194,0.5251567372471,15.53756,0.8874006
195,0.5724148622970476,16.110525,0.94887257
196,0.6027169929404923,16.769838,1.0758762
197,0.4868656218939617,17.231026,1.3417912
198,0.4855326150817844,15.550931,0.90553474
199,0.4006537046392632,17.790934,1.3073292
200,0.5235863820830753,15.382221,0.88560486
201,0.5313444695743947,16.676071,1.1884022
202,0.5317160861605853,15.589711,0.9107466
203,0.6464187640421736,16.06979,0.9483957
204,0.5597659653029942,15.252848,0.8826704
205,0.5145651523223469,15.954489,1.0185537
206,0.5016219536312481,15.580326,0.9922781
207,0.5564762097111683,17.175863,1.1405315
208,0.5463951910564226,17.980791,1.7053642
209,0.5030305119856546,16.790844,1.0534554
210,0.566722589174091,17.13991,1.1472797
211,0.5421571438578643,16.78233,1.0374641
212,0.4595793386437357,17.815866,1.3075581
213,0.5230960914186277,14.818054,1.0090284
214,0.5753349229192187,14.967989,0.8507433
215,0.6062615111352038,15.616115,0.84117603
216,0.4354660620189783,17.3039,0.96404076
217,0.5473082997359118,15.976345,0.92579937
218,0.4028386048148431,14.479954,1.1796198
219,0.5470404150103547,17.620106,1.261034
220,0.4828671785709187,17.874529,1.3301449
221,0.3529173045943165,17.341402,0.8219528
222,0.4917410735621395,15.687093,0.87072945
223,0.542424029939499,17.921787,1.3250885
224,0.5618858006973793,15.134004,0.8623371
225,0.5105487891959986,14.089025,1.2195673
226,1.1284628652269892,15.686729,1.1545696
227,0.5162578599838126,16.309986,1.0381699
228,0.4650198765851547,16.870268,1.0897827
229,0.5203631983113511,14.050668,0.75317097
230,0.3998051137252546,17.510702,1.420948
231,0.5987297109420393,17.48236,1.2760105
232,0.4255046038766746,15.605522,1.1966677
233,0.5300643039892862,11.993022,1.3314219
234,0.5346795949754951,16.562386,1.0007782
235,0.5635310191239753,17.555992,1.2296543
236,0.5316615739540818,15.409865,0.85990715
237,0.5693295194471559,17.073433,1.1267376
238,0.5694359957929047,15.713786,0.8839531
239,0.5333426844601521,15.300608,0.8776045
240,0.5139034767595029,13.229232,0.7211113
241,0.4813060881020232,16.531027,1.0323372
242,0.5350823864854893,16.722607,1.056221
243,0.542898443295311,12.625616,1.3195677
244,0.5172006193989884,17.875906,1.266573
245,0.4741698622014377,15.631565,0.8627815
246,0.5383593311726736,16.70401,1.0481243
247,0.5090344671534074,13.383828,1.1421089
248,0.5774199486894284,17.986155,1.3925514
249,0.5044366705840557,13.651853,1.2113352
250,0.5585430254926296,15.6547785,0.8594322
251,0.5767533698191426,16.614899,1.0230732
252,0.5280445145836039,15.338127,0.8740835
253,0.5202756838885759,15.364545,0.8615465
254,0.5189356652496991,15.004777,1.196208
255,0.5371150322950592,15.947253,0.9507046
256,0.5583889347548799,16.998167,1.102787
257,0.6027723456009909,14.243559,0.7240429
258,0.5222896488424453,15.107234,0.8640108
259,0.5892204549119752,17.812523,1.3713837
260,0.561336392217716,17.665794,1.287674
261,0.4513043161608277,16.5013,1.0866289
262,0.5583894609311362,16.755905,1.0296745
263,0.4640795949442249,16.873985,1.0570812
264,0.589842081603884,17.466434,1.2267475
265,0.532517925475221,17.525215,1.5487804
266,0.4549303224333711,15.490285,0.94577503
267,0.5247820263141159,15.932291,0.9206009
268,0.5417872842073377,16.316006,0.9568987
269,0.5371335654596944,17.291414,1.2106628
270,0.5396921591025375,14.88051,0.85924053
271,0.5405180459572565,15.669478,0.8602047
272,0.5142068707670145,15.02606,0.8506832
273,0.4671975671673593,17.585497,1.268528
274,0.5122373774829249,15.834767,0.90489197
275,0.5179357770836717,16.75967,1.0736275
276,0.4235834897552584,17.700893,1.3244152
277,0.5257932045698401,14.989135,0.9477329
278,0.5663106597579404,16.417068,0.95635605
279,0.9872809694564936,12.863848,1.254035
280,0.5420019828164248,16.734901,1.0434513
281,0.4228289276792598,17.772497,1.1039352
282,0.529546624467936,14.736546,0.9606314
283,0.5065838173167403,16.73949,1.0288391
284,0.5187453480477038,16.421522,0.9834013
285,0.511720538868533,14.740998,0.95366096
286,0.5933619992845999,17.924967,1.3468628
287,0.5433967617422204,17.68463,1.2927475
288,0.5127384803413874,14.986024,0.761858
289,0.5527199487572422,15.590234,0.87280655
290,0.5204345683716132,17.057423,1.1648598
291,0.4857927095455683,16.812101,1.2092037
292,0.502774928274399,15.048803,0.85474586
293,0.4842163058197619,17.803698,1.3139191
294,0.529187506858324,14.744413,0.9173298
295,0.4995898986042716,14.58008,0.64838696
296,0.5591435961331137,16.365864,0.9502859
297,0.477480287537246,17.935469,1.532629
298,0.5548268477597491,15.432265,0.85725594
299,0.521018340924159,16.783953,1.1684246
300,0.7118251185732691,16.600246,1.283906
301,0.5509320852992242,15.197796,0.8564787
302,0.4643635458048943,17.417387,1.2130146
303,0.5046550844139935,16.992935,1.1117649
304,0.4784907659433255,16.449553,1.1416626
305,0.5796404796848318,15.570605,0.88043594
306,0.5016594047782644,15.807157,0.88503075
307,0.4760614698815411,15.726437,0.9007044
308,0.5036171760317578,15.509877,0.95586395
309,0.5865316433762646,17.698612,1.2761173
310,0.5310753123301388,15.63657,0.88298035
311,0.4850119590867718,17.270872,1.2136898
312,0.5055955039199387,15.437835,0.89703274
313,0.5337782847566919,15.934073,0.9056587
314,0.4801095137935005,14.871274,1.1969967
315,0.5343772240149687,15.695061,0.9066
316,0.5357981570241032,14.7406645,0.89430046
317,0.5743301207740966,15.568656,0.9049988
318,0.5360571069244453,15.1736765,0.8732405
319,0.512990255770699,15.56595,0.8881283
320,0.3068711952117658,17.150043,0.9318867
321,0.5419453673513639,17.088705,1.0936947
322,0.4617863292049788,17.535192,1.3669586
323,0.556280876247642,10.7909155,1.7485704
324,0.6421636211889484,17.598103,1.288866
325,0.5074917938938025,16.227718,1.0230579
326,0.5587410983052701,16.133198,0.94800186
327,0.4824782648671332,15.826781,0.8754301
328,0.5956499328362025,17.32234,1.382515
329,0.5891789448643187,15.631063,0.87918854
330,0.523032867699082,17.29736,1.4117451
331,0.545018495110096,15.921835,0.9099283
332,0.5210932973868325,15.298027,0.8579998
333,0.4818111270992812,15.658465,0.87771225
334,0.5000905688402257,16.725607,1.0697002
335,0.389322637081166,17.520086,1.2275276
336,0.541684687184074,14.909706,0.8910074
337,0.5416346060413618,14.852186,0.8641281
338,0.5025834330900846,15.231826,0.85208035
339,0.5002559042270353,15.329991,0.8658695
340,0.5193919911795399,15.975664,0.9653425
341,0.4615114575095266,15.89769,0.87635994
342,0.5312200732322311,15.0905,0.8486147
343,0.5942834720336658,16.783892,1.0576859
344,0.4899780705626633,14.740564,0.66222
345,0.5397155950958692,15.533779,0.8567114
346,0.5016125744807264,14.721034,0.91335106
347,0.3743229175775807,17.554146,1.2434673
348,0.4844209208879207,17.51499,1.239851
349,0.5435255018228459,16.380217,0.947793
350,0.5406331685289292,13.24492,0.4471302
351,0.4893445061317313,15.511984,0.7707968
352,0.4976708768288951,15.881041,1.008892
353,0.5169725547905046,15.15463,0.8683157
354,0.6603061837169018,17.893578,1.3298359
355,0.6063470519279563,17.555435,1.220192
356,0.5220957571459317,14.793995,0.9785719
357,0.5094126663614569,17.229156,1.1353168
358,0.5858240919910099,14.929072,0.8471279
359,0.5363977878033191,16.347818,1.0025473
360,0.5443118055339535,14.727429,0.85556126
361,0.5448841163765753,15.341338,0.8829422
362,0.6117930795559912,17.463606,1.2126122
363,0.5343060868306094,14.839593,1.1609182
364,0.5408679810078375,14.919755,0.88389206
365,0.4966294572776696,15.002934,0.8482151
366,0.487704160360289,17.82875,1.3747139
367,0.5214322478603246,11.923681,1.4399157
368,0.5450601566548617,15.4285755,0.8686495
369,0.5218159342469086,15.596281,0.968585
370,0.5309307819536444,15.12488,0.87241364
371,0.5085621011829629,17.305662,1.152956
372,0.4958102501321294,14.909524,0.8590517
373,0.462722978259237,16.216162,0.93230057
374,0.5721551878899956,16.232668,0.9394064
375,0.5244751634933416,15.232388,0.86348057
376,0.5014555761054036,14.8103075,0.8979578
377,0.5265712406476949,15.8403015,0.8796711
378,0.5084296796788177,15.918233,0.9264078
379,0.4833169810094199,14.875455,0.89128304
380,0.4700066027260984,17.303967,1.1697369
381,0.578589273595401,14.83912,1.0389223
382,0.5191575667011178,13.80181,1.3559551
383,0.5242278283006893,14.901936,0.88500595
384,0.5139591396336886,15.289292,0.8367939
385,0.5546959303848058,16.771872,1.0497208
386,0.472335385351374,16.19097,0.94769573
387,0.5114057084140224,15.182974,0.86504364
388,0.5414748547095289,16.071812,0.92834187
389,0.5876077294922496,16.631523,1.0432911
390,0.5606273779319018,17.378994,1.2979736
391,0.517957546194416,16.272383,0.9726982
392,0.5214367834456494,15.823572,0.89932346
393,0.5441387555042141,16.25431,1.080842
394,0.4790744247584764,16.915417,1.1192112
395,0.5008590359942713,13.770371,1.1724253
396,0.7094613291072931,13.769313,0.69262505
397,0.5772649139309892,17.23039,1.1876373
398,0.5466069585562476,14.686383,1.1848774
399,0.5772709081037117,17.164795,1.2443752
400,0.5366564731740616,15.092277,0.84283066
401,0.6572724385291019,17.656178,1.2427673
402,0.5081673230734104,16.456482,1.0582151
403,0.5719062347667727,16.470562,1.1034727
404,0.5442498652667979,14.953878,0.889493
405,0.5150161170190276,13.735547,0.66839695
406,0.5723338315260715,16.129242,0.9156151
407,0.5147841239145615,15.923885,0.8983774
408,0.5230998219016509,15.675505,0.87279797
409,0.5017886347563328,14.918764,0.86276245
410,0.5263965867320093,16.386364,0.9526272
411,0.7054119912990343,17.555773,1.4928722
412,0.5295641366166742,16.135761,1.0369272
413,0.597189792970826,16.921618,1.1531563
414,0.5505391254149783,14.531039,1.1982393
415,0.5269195318792662,15.730527,0.86732674
416,0.45147367821766,16.340643,1.1054096
417,0.5532990584260803,15.132575,0.8706398
418,0.6295943038915707,17.944706,1.3746796
419,0.5159387982553004,14.761555,0.90968037
420,0.485796338207582,13.347508,1.2877569
421,0.5160875824413715,14.852315,0.88762
422,0.5393064777258684,15.001185,0.86920834
423,0.5022002338038155,15.539265,0.85563374
424,0.5072985505256896,14.71553,0.9256344
425,0.4293155879061044,17.200134,1.153225
426,0.5484532851513068,16.788586,1.0470829
427,0.4974719956438752,15.281987,0.860343
428,0.4571051576644308,17.216948,1.2189293
429,0.5140070240236709,14.768157,1.172348
430,0.5314816505012865,14.88117,0.87180424
431,0.5100951265151349,13.8797035,1.2302046
432,0.5098151028142744,17.966581,1.3794689
433,0.520608093923288,15.613513,0.89049435
434,0.1817135703642822,16.574923,1.2767029
435,0.5066726196748402,15.455034,0.86508274
436,0.5105853576993308,17.08777,1.1509552
437,0.4821005068587653,16.002882,0.92401695
438,0.4988538639199793,15.925898,0.9101906
439,0.5263812106027133,15.0825405,0.83860207
440,0.5461281709163659,14.070216,0.89316845
441,0.4151093099879138,17.413374,1.1674614
442,0.4848363091431547,14.697766,0.8761196
443,0.5279688473176638,17.072199,1.2152843
444,0.6670751546824042,12.050139,1.4475441
445,0.6210257516903629,17.760197,1.3190498
446,0.5301694095976162,15.550714,0.8778286
447,0.5229776493621513,14.755861,0.9162512
448,0.3986969948425565,17.128456,1.1353741
449,0.5278284754976487,14.938217,0.8539419
450,0.5380820224543035,14.034728,0.6936188
451,0.5145759062799171,17.650778,1.2533989
452,0.4754578711783241,17.83001,1.3703136
453,0.5010890042677267,14.914089,0.8732815
454,0.523662927995813,14.905804,0.8667469
455,0.5329145522862955,15.615753,0.8726845
456,0.5374947245562313,15.224773,0.85697365
457,0.531149480464747,15.307521,0.91163445
458,0.536230886682303,16.142756,1.0958557
459,0.5110750038985409,16.213089,0.9379568
460,0.4954882875115358,16.415934,0.9732313
461,0.5625124297743802,15.736455,0.881835
462,0.3995348875979858,17.956903,1.3794041
463,0.5448049902821726,17.94981,1.4086075
464,0.5302192653239367,16.049793,0.9332695
465,0.5790045685192481,17.504389,1.2306042
466,0.5118358619330697,17.344439,1.4143772
467,0.4634274071133843,16.758455,1.2213917
468,0.5249226863054486,17.047493,1.1596012
469,0.5532931087522611,15.070706,0.87186813
470,0.5170316597173822,16.741335,1.0249348
471,0.6844190124054846,17.255888,1.2070427
472,0.3469764929919387,13.394074,1.3646069
473,0.564939236503993,15.5374155,0.8707237
474,0.5130146599555995,17.543127,1.186264
475,0.4104637783010753,15.87649,0.73750305
476,0.4864544129789645,16.808784,1.133358
477,0.604824489073821,15.596232,0.9562788
478,0.4980510994805354,14.901581,0.87405586
479,0.5680292694051097,16.091848,0.95528316
480,0.5141209029978767,12.115372,1.340661
481,0.5666752565671112,14.864903,0.77495193
482,0.5485093054990013,16.05199,0.9424877
483,0.5792401798928885,17.148418,1.3571224
484,0.5166291704002678,13.769208,1.239872
485,0.4511730359163344,17.2814,1.2524719
486,0.4852547345210945,15.62347,0.8951435
487,0.5028885478968284,15.9212675,0.88431835
488,0.5579835268881732,15.177156,0.90219593
489,0.5006977665066751,17.383417,1.1825714
490,0.617001278588124,17.872715,1.3623581
491,0.5176796502497876,13.581891,1.2529755
492,0.5820117721959829,15.005733,0.8884134
493,0.6272002598927263,17.845293,1.3220482
494,0.5331416027366789,14.322249,0.8609295
495,0.6304433119414391,17.031,1.0911541
496,0.5952852394794007,17.396751,1.4152546
497,0.5702451921049436,16.325386,0.96684265
498,0.5400959063750264,15.522084,0.8822441
499,0.5207485875966348,15.0952635,0.8948593
500,0.536207510201761,14.859753,0.8739643
501,0.4932335436223712,15.780395,0.98315334
502,0.496002060204507,14.309411,1.220007
503,0.5082876035596035,15.124162,0.87400246
504,0.5829370210260472,16.82374,1.069521
505,0.4431035985109889,16.742815,1.0699368
506,0.5844198403597544,17.618744,1.2846565
507,0.5109396550098436,15.812258,1.003583
508,0.5235231760695304,15.12881,0.89340115
509,0.5573765886786713,15.055464,0.8556881
510,0.5466433603138301,11.1288,1.4881372
511,0.5557375420476715,17.007462,1.0615292
512,0.5723412208776415,16.872301,1.0625153
513,0.5721269488759307,17.21096,1.217329
514,0.5908426596742409,17.301043,1.210947
515,0.4755498841779746,15.188348,0.90748215
516,0.5414527202922751,15.647638,0.8613472
517,0.8781061238932071,17.468706,1.3996563
518,0.5265650263765321,14.866838,1.1597271
519,0.5604918355235564,14.857922,0.8960676
520,0.5356078655220841,14.749851,0.9059086
521,0.5676573282325169,17.453436,1.2151356
522,0.5191028790825964,15.208625,0.8600788
523,0.5110019472204241,14.229957,0.66593075
524,0.5333561342961725,15.96448,0.92847157
525,0.5395360091243883,14.73416,0.99784184
526,0.5437210859353877,15.944702,0.9198456
527,0.5519974824340983,15.671771,0.86449337
528,0.5141076390823693,15.558039,0.8812399
529,0.4717595837570148,17.352785,1.2090435
530,0.543128069556757,14.769629,0.9674015
531,0.5557199071674559,16.498047,0.97704315
532,0.5436745542895008,17.629501,1.5059681
533,0.457360281667073,16.883787,1.0613155
534,0.4751317250138427,16.502663,1.1546841
535,0.53803686072089,12.049516,1.3179636
536,0.5047676747565475,15.319191,0.86326694
537,0.6601362709125033,17.454206,1.2318306
538,0.5267934518335473,15.8691025,1.0000477
539,0.5327325150231881,16.48398,0.97325516
540,0.5849435526523572,16.524982,1.1171141
541,0.345667316633109,14.844311,1.2005796
542,0.4947563164571534,15.712552,0.8841305
543,0.5144675367026835,15.034183,0.84222794
544,0.5403564616636316,16.85548,1.2693005
545,0.5496746817900892,15.748126,0.9423113
546,0.4871246802041579,14.704935,0.9182234
547,0.4646836636503674,16.535198,0.9918642
548,0.5082891431286536,17.192837,1.214735
549,0.5298454582085234,16.182953,0.9391079
550,0.54033916104322,16.801802,1.1524582
551,0.5276650015702934,14.343869,0.78081226
552,0.5322880420109936,15.359715,0.8548765
553,0.4698391223983977,17.950972,1.5781288
554,0.6046793758099732,17.954264,1.442028
555,0.5554111981034474,17.68566,1.2315121
556,0.5181307448916215,15.547971,0.9040308
557,0.4420687739503093,17.71416,1.2699604
558,0.5471036270109346,15.397337,0.8748846
559,0.5727288338563523,14.389319,0.79245377
560,0.4322022025658157,17.365828,1.3968353
561,0.510085219753695,14.810913,0.88112354
562,0.5157891379611602,16.835617,1.0759544
563,0.5377763666958126,17.136528,1.1816788
564,0.5293851520786872,15.933459,1.0359259
565,0.512421426680267,17.237213,1.2639809
566,0.5307495547355224,14.9412155,0.8505831
567,0.525302307221353,14.961829,0.8477812
568,0.5606934442731204,17.461006,1.2139359
569,0.4732083298901391,16.599207,0.9913273
570,0.2947035029474128,15.969612,0.93680286
571,0.5016948817644927,15.483507,0.85966396
572,0.5277971242645835,15.066161,0.8900089
573,0.5045301218143061,14.787734,0.89683723
574,0.5315514080876198,12.652996,1.3635082
575,0.4181824961803655,17.949602,1.4093266
576,0.5039036396782656,16.115723,0.92092514
577,0.5061043325135365,14.742255,0.94638634
578,0.4985681439428951,13.802645,1.2304935
579,0.6480064620868842,17.898756,1.3797379
580,0.5293440058882579,15.8293295,1.0449371
581,0.5474825953369212,15.423792,0.8661194
582,0.4931380897313064,17.289812,1.4206657
583,0.4076143211201472,16.535805,1.061636
584,0.3858537671212653,17.765522,1.3638973
585,0.6060181016467215,16.493612,1.1585236
586,0.4901917714054351,17.08531,1.0805378
587,0.5340341797137197,15.229122,0.8369999
588,0.57673770341942,17.597918,1.4799576
589,0.5341335893606751,15.102707,0.8731823
590,0.5599132951329753,12.472261,1.31252
591,0.5378633611580078,14.266969,1.2156715
592,0.5089590882435862,14.956436,0.970273
593,0.5231024594034203,14.739443,0.96181107
594,0.5793383651007099,16.838625,1.1051311
595,0.508465349962204,14.786273,0.8774786
596,0.6291849001666912,15.708516,0.9783783
597,0.5386815893512846,14.78337,0.918807
598,0.5265089296921616,14.914243,1.0874376
599,0.4510716494946568,17.354551,1.185648
600,0.5494239344380131,16.853918,1.0586853
601,0.2509079620035973,16.947266,0.78525543
602,0.5025158439740876,16.094475,0.9427967
603,0.4949011397223203,16.662369,1.0268154
604,0.3301771182228735,16.033659,0.8349447
605,0.5194759859976673,15.343802,0.8358202
606,0.5052742924628446,14.380444,1.1996679
607,0.5486491185246177,14.756721,1.1301069
608,0.5437015134968622,16.757668,1.0505123
609,0.4919738608887109,16.70214,1.0383053
610,0.5281709650385699,17.907827,1.6182365
611,0.536971955109572,14.471438,0.8817148
612,0.6742284236595542,16.755413,0.9453783
613,0.5346992532321272,15.34945,0.87396526
614,0.5156125913762237,16.50123,0.95555687
615,0.468036004892846,15.127161,0.8591871
616,0.4720740131482508,17.845263,1.4178009
617,0.5097379168770876,13.901557,0.6526499
618,0.5845524618563293,16.20322,0.9384308
619,0.5180211014602297,15.841238,0.873518
620,0.6435489595588344,15.597041,0.8690853
621,0.5115300174438573,14.69097,0.8994427
622,0.5193472124061034,14.751875,0.9632702
623,0.5416174166029584,16.240095,0.9653101
624,0.4714076430045613,16.234488,-0.26693916
625,0.4812071880322732,17.973925,1.8210602
626,0.511759716439846,11.755187,1.4498758
627,0.526184340525151,11.665093,1.3096371
628,0.4965309305684123,16.999674,1.081459
629,0.5275244350397925,14.942541,0.9103861
630,0.5216727583267318,16.224707,0.94858456
631,0.4564163022504943,17.214117,1.1592064
632,0.6087469476391411,16.40189,1.0295696
633,0.5095369429177249,16.300093,0.97816944
634,0.5391063423620871,16.136127,0.95665836
635,0.5310737726581007,17.771694,1.3253994
636,0.5166169565171115,16.418839,0.96511364
637,0.5977907918449776,16.227032,0.9485531
638,0.5473902607287323,15.584415,0.9524765
639,0.5345085563254702,17.391008,1.1701012
640,0.5159011155807747,14.802799,0.883646
641,0.5260266248187786,15.732668,0.88460064
642,0.5230662505797617,17.094994,1.1456432
643,0.5175311458498546,17.396317,1.1938591
644,0.5497813404706954,14.948627,0.83340454
645,0.5236414249744743,15.117296,0.91550636
646,0.5321873319392817,14.645391,1.1377363
647,0.4433840308588804,16.130062,0.919878
648,0.5275154429074747,14.089755,0.40484333
649,0.5278035467334181,16.31889,0.8959122
650,0.4673848360086409,15.905427,0.9012184
651,0.5321861987653863,14.787915,1.0006847
652,0.4915658874076808,16.473116,0.99361706
653,0.4865289104289757,15.8258095,1.2130013
654,0.5485144893996119,16.124525,0.91622925
655,0.5593165427721755,15.810906,0.90619755
656,0.556083995594577,17.479559,1.2683716
657,0.5034079935362308,17.1766,1.4930897
658,0.6764283917090073,17.782637,1.3067398
659,0.5761713373056044,15.671567,0.8948002
660,0.4991134651073463,17.386322,1.1733074
661,0.4939666820068715,15.977641,0.9206953
662,0.468895899778287,16.567787,1.0948315
663,0.5446699604149103,14.765323,0.8908615
664,0.4907460905905609,17.241426,1.1347694
665,0.4208936030603766,16.309387,0.947567
666,0.4608493209960743,16.956436,1.1050282
667,0.5037757826937981,14.826955,1.0886087
668,0.5525313027195354,15.495497,0.87634087
669,0.5118977018161975,14.877955,0.8928776
670,0.5338808246550829,15.058623,0.86423683
671,0.5437333608012858,17.893587,1.7609901
672,0.198381256626675,16.27509,0.7732849
673,0.5340324854901758,15.383163,0.88056564
674,0.5078169755603059,16.138834,1.0340843
675,0.461951815736714,16.744713,1.2003841
676,0.5866800783400208,16.921568,1.073864
677,0.5457844822918689,15.922129,0.8929224
678,0.537342611865531,15.365835,0.8522978
679,0.5736232298088985,14.9732685,0.9455023
680,0.5583506801209837,17.072344,1.1346054
681,0.5218267574628273,15.030846,0.92470455
682,0.5182119567754263,17.907213,1.4124775
683,0.5055527724993842,17.707125,1.3502884
684,0.4987074441147864,17.559242,1.5086308
685,0.5121733021087678,14.790467,0.88204765
686,0.5120767749188151,16.633186,1.0168705
687,0.5067103342231368,17.808828,1.3664589
688,0.4757906327434489,16.348587,0.9650984
689,0.4885599366823122,17.237387,1.2003803
690,0.59102127552523,14.586579,0.69749355
691,0.5320279668936345,16.782688,1.0822754
692,0.5462744506507434,16.646194,1.089653
693,0.5167462068733999,16.493118,1.1192064
694,0.5485964632669389,15.366707,0.84934807
695,0.5280739852439192,16.519289,0.9936018
696,0.4845469812250039,15.760584,0.9608145
697,0.5231166600627769,13.343314,1.2746458
698,0.5580589422702763,17.376003,1.2166004
699,0.4931422573698669,16.771152,1.105772
700,0.5683595670920242,16.166975,0.9316168
701,0.5045191096708714,15.585095,0.8693714
702,0.5119083190537471,14.910501,0.8662739
703,0.5380171229910949,13.358162,0.65066624
704,0.5032839413040547,14.896231,1.113411
705,0.5331904873780392,15.889475,0.8888626
706,0.5340790088594078,14.998319,0.8461504
707,0.4932930258225738,15.843479,0.9062338
708,0.4895114340236354,16.17483,0.9319811
709,0.5334975041279104,16.584291,1.1770802
710,0.5369334691681356,17.611687,1.2231789
711,0.5674867068727395,12.374569,1.4099054
712,0.5478345288732086,16.391682,0.9470091
713,0.4765948759598816,16.781149,1.0624866
714,0.6000458076356217,17.319872,1.1863441
715,0.4665769235211857,17.348253,1.3885212
716,0.7243935562976033,16.734127,1.1656342
717,0.4934839147860632,17.496002,1.2633018
718,0.5249520038565517,17.602638,1.2554188
719,0.5126491158895481,16.370054,0.97391415
720,0.5629163398944388,15.871496,0.9042492
721,0.5298692674433889,14.750596,0.8860836
722,0.5301562490731413,15.798789,0.89258003
723,0.4912496166060423,16.182646,0.9489584
724,0.5686906217097069,15.782135,0.88125134
725,0.5679581533182911,17.509275,1.2263069
726,0.542127557809301,16.121002,0.9360361
727,0.4766018671720513,15.180419,0.8625355
728,0.4918313531736217,16.6661,1.039484
729,0.3655456190996172,17.778992,1.4802055
730,0.5325494067211575,16.068296,0.9217243
731,0.6241683289521038,16.984098,1.1157513
732,0.5007595077375835,14.843361,0.86271
733,0.4792084399454886,17.11585,1.2441502
734,0.5160401582142643,17.036129,1.1003056
735,0.5488890511286556,16.935022,1.1133766
736,0.4439733467897795,17.483284,1.3181057
737,0.5042588673595015,17.02397,1.1016159
738,0.5357805573361158,14.031254,1.1618919
739,0.5118125588940127,16.574163,1.0469484
740,0.5430299614904593,14.524504,1.1784906
741,0.4786711502366759,16.005459,1.0169802
742,0.5351963310742449,14.692473,1.223649
743,0.599855183664406,16.823118,1.1322594
744,0.5247030861464611,14.853172,0.7926922
745,0.5153400361991795,16.24962,0.9625826
746,0.5567316683134853,16.789158,1.0566292
747,0.5270761915808246,16.136911,0.969841
748,0.555434492651502,15.554904,0.8723984
749,0.5099515337140496,15.391565,0.8368397
750,0.5458738011482882,15.4945965,0.86157036
751,0.5649359001547147,16.524803,0.9649792
752,0.5154359728824045,15.31385,0.86218643
753,0.5484544751520579,16.443203,0.9800167
754,0.4348294107495286,15.580566,0.8978176
755,0.5321099010380307,14.727726,0.9191675
756,0.5192200548695725,14.644935,0.8552227
757,0.5278058454603785,17.319553,1.1911144
758,0.5619158086354873,15.878152,0.8968611
759,0.5212727418048824,15.477704,0.8584633
760,0.5739038146008562,17.80433,1.389883
761,0.5549530219710209,14.810662,0.90939426
762,0.5208340337474152,14.901953,0.889349
763,0.507071114473078,14.776828,0.92413425
764,0.495056739985602,15.161662,0.85798645
765,0.4593991073681166,17.804523,1.2941666
766,0.4951662554601317,15.739852,0.86572933
767,0.5519408943356717,15.620518,0.9629965
768,0.9841777012738934,15.578176,0.94057846
769,0.5076923327025004,17.994123,1.3825111
770,0.5091708488266897,17.067,1.1268845
771,0.2448112387721495,15.616326,1.0025902
772,0.5160892861877384,14.594999,0.8580713
773,0.5168498316125517,15.40198,0.94780064
774,0.4316326360245816,14.113887,1.2188911
775,0.1981651149916295,16.505735,1.067213
776,0.5430279355229531,15.434061,0.8566561
777,0.6402581295466263,16.59268,1.1531696
778,0.4863642982698644,17.726297,1.2946339
779,0.5514437045821454,15.260968,0.7363987
780,0.5145508516237114,16.646143,1.0535107
781,0.5668153093744523,16.099907,1.0459099
782,0.5177298829596462,17.266521,1.1806641
783,0.4682657802997287,15.974774,0.9105768
784,0.4675505550885114,17.299263,1.4120216
785,0.5126175556683678,15.620576,0.8199568
786,0.6863237195377444,17.79707,1.3035202
787,0.5121260237246384,16.169373,0.9556303
788,0.5316950725265024,15.100406,0.8388729
789,0.5277660253406384,16.24116,1.0451078
790,0.4270205874093739,17.098385,1.1187458
791,0.6226105176850911,16.845572,1.0632744
792,0.4833811467113962,15.271455,0.79230976
793,0.5758714870099049,14.669625,0.91487694
794,0.4831452659128051,16.201744,1.038763
795,0.4733989192159997,17.931639,1.6673279
796,0.516075760757573,15.459967,0.85429955
797,0.5343919868832994,17.282553,1.4698372
798,0.5211497064445465,17.088554,1.2874107
799,0.4755556038817731,15.768192,0.8986912
800,0.515980172475261,15.719214,0.89184284
801,0.4263389214461232,16.992737,1.1060009
802,0.4930466919180152,16.594227,0.9995308
803,0.4662810870138136,15.688,1.0570192
804,0.6096782441603779,17.71639,1.2712536
805,1.1369319771946391,15.475245,1.1272907
806,0.513975149505631,16.539791,1.0134802
807,0.5556838146308063,15.961443,0.89738274
808,0.5265797116745733,14.897304,0.8555479
809,0.4903630106812123,16.028559,0.9044571
810,0.545989525044064,16.492592,0.98762035
811,0.5641480978960712,16.636969,1.0108261
812,0.5032139643357836,17.555372,1.2481861
813,0.4659685890533076,16.409626,1.1828585
814,0.3439679724110611,17.223646,1.0857048
815,0.5099024134973805,15.187449,0.85848045
816,0.551342367000179,14.895752,0.8591261
817,0.5579013307740092,16.952946,1.0567055
818,0.5275348435372385,15.943121,0.91246796
819,0.5595770489909196,15.244167,0.87302685
820,0.4622081630250899,16.539295,0.98917866
821,0.5476368301233263,15.511733,0.9654293
822,0.5929425990220099,16.670652,1.1315365
823,0.4703458221379895,15.643455,1.0702896
824,0.4993731403135129,14.681878,1.2098961
825,0.4890512282701701,15.255168,0.8993273
826,0.3663634037392252,14.736307,0.88961506
827,0.4801913511428124,16.598475,1.0252914
828,0.5379028481381627,13.047908,1.3218365
829,0.4822459015648233,16.922607,1.1114044
830,0.5678963929361792,16.595856,0.9783516
831,0.293323344850007,16.931173,0.984478
832,0.5007290283494603,14.924809,1.1951733
833,0.5305137785983941,15.814078,0.90679646
834,0.5020103247349619,14.823456,0.8917942
835,0.5266474322845056,15.137642,0.9182453
836,0.5314963642673796,17.262133,1.331604
837,0.4960887679040078,14.827427,1.0440607
838,0.5158300354972933,15.415255,0.8659401
839,0.489628331125335,16.590528,1.1695147
840,0.510568082073719,14.20974,1.1730804
841,0.4955564220294553,16.000175,0.90381813
842,0.5498385961528527,16.079239,0.9369936
843,0.5549776758705613,17.144905,1.1455097
844,0.5220172766262171,15.0653925,0.8641472
845,0.5168912993564877,15.781936,1.1536331
846,0.5435098002106588,15.63197,0.903245
847,0.513879919868421,16.032404,0.9346123
848,0.5238519807582002,16.121065,0.92267513
849,0.5325876348497712,15.363665,0.87070084
850,0.5719816902286385,15.277342,0.9258156
851,0.5598687881635477,17.62428,1.2554722
852,0.6655416650939467,17.789932,1.3262539
853,0.6113929721215005,17.92857,1.411459
854,0.5234470510388253,14.189061,1.2006884
855,0.4964178819885464,15.706642,0.9058771
856,0.4548874332337657,17.208252,1.1745186
857,0.521764450580598,15.083186,0.8589115
858,0.5346389726080918,14.872906,1.1374674
859,0.5075424442141234,15.889033,0.9027357
860,0.5003773067807914,15.321382,0.8943472
861,0.5380942237246376,15.520115,0.8747444
862,0.6095071474985008,17.644793,1.2962341
863,0.5440490525601995,15.184865,0.85474396
864,0.5235780370409714,17.62166,1.3442326
865,0.4535193554868595,17.87981,1.709383
866,0.4979177419870643,14.879307,1.1341743
867,0.4881791867138271,15.128503,0.8816757
868,0.5238926304222262,14.837123,0.8915577
869,0.6528772265628134,17.84135,1.4181805
870,0.5535070803668428,16.540834,1.0587101
871,0.548371252363899,14.779094,0.88937664
872,0.523954960271264,13.486459,0.79952526
873,0.5752533283344196,17.497356,1.2267265
874,0.5252364063203909,15.164992,0.8439846
875,0.5076203745958305,14.598742,0.88804436
876,0.5198843915899828,14.806055,0.86271286
877,0.5041092853986133,14.860513,0.88080883
878,0.4659730571994685,16.025877,0.9197159
879,0.4944213602034471,14.910423,1.093029
880,0.4945225824123933,15.347013,0.8644142
881,0.500179427119375,17.550068,1.2448978
882,0.5411101050910497,14.770155,0.91776276
883,0.5104916340854716,15.851738,0.97383785
884,0.499198670602259,14.626786,1.2253513
885,0.5255497025212145,15.39312,0.86491585
886,0.7102270552105799,17.872564,1.5773163
887,0.4838185595569259,15.284957,0.8998766
888,0.4942945392675178,15.831996,0.96297455
889,0.470167282170594,16.28353,0.96320057
890,0.5286261475426323,14.850203,0.9138403
891,0.6177063563804193,17.860468,1.32654
892,0.5240778526959887,16.562563,1.0529871
893,0.5302169216240208,16.375765,0.9869051
894,0.5601186511735625,14.674648,0.9143963
895,0.5710411806539237,16.813192,1.0515594
896,0.5625828767439179,15.145372,0.9557524
897,1.6430446947157922,14.220471,1.1912613
898,0.5344587270902676,17.432064,1.1978397
899,0.5834566638115791,16.133068,0.93630886
900,0.4843782745885692,16.125582,0.94124603
901,0.5393146653140614,15.777952,0.890831
902,0.5606814609245598,16.676394,1.0900555
903,0.5971693398410604,17.583223,1.2649956
904,0.5300969462939693,15.451302,0.8885126
905,0.4761671099642872,17.636564,1.2611561
906,0.5216564857216629,16.191776,0.9694443
907,0.5439906223980443,16.458103,1.1306934
908,0.5402031973165099,12.565323,1.3599453
909,0.4374907546009235,16.568382,1.0047693
910,0.4829792535204138,17.984266,1.3658142
911,0.5139463087476679,14.882293,0.8752394
912,0.5037807154217794,13.067086,1.3296051
913,0.5172424697575706,15.632359,0.8823471
914,0.5148880372044548,16.650467,1.023222
915,0.4617107758336383,15.814054,0.945261
916,0.5520215438509749,16.814665,1.2952137
917,0.5345075378079363,17.030687,1.1245842
918,0.5382456628241711,15.381297,0.8507538
919,0.3418470562099387,17.985636,1.3296471
920,0.6055464273613985,17.826698,1.3571587
921,0.5254668201316741,16.268997,0.97994137
922,0.6421449551173026,17.225927,1.0989838
923,0.4909188406757629,15.360602,0.8877363
924,0.5109559284476375,16.090492,0.96666145
925,0.5148447380965124,15.661765,0.8840618
926,0.5468424053203647,12.111954,1.3245821
927,0.5502431420368071,17.462934,1.2274895
928,0.5516588638276921,17.342709,1.1835918
929,0.5328946624432275,14.766526,0.72205544
930,0.5363783004847532,17.48647,1.2417336
931,0.5205353983251182,13.993979,1.3211212
932,0.5384515005843086,17.646214,1.3308792
933,0.5307591784545115,12.142702,1.3396425
934,0.4920433920339171,16.63166,0.9976196
935,0.5115549600662426,16.860003,1.0950184
936,0.5257534645275892,15.973625,0.9128084
937,0.4395510661955267,16.170057,0.96561813
938,0.4523221060216372,16.146292,0.9552498
939,0.540662184749133,14.800906,0.9875908
940,0.6071314041457857,17.345028,1.1478271
941,0.4764991511991922,15.283697,0.86334896
942,0.5036661058856892,15.921556,0.9231863
943,0.502197557051969,16.776468,1.246233
944,0.5064563441683348,14.783266,0.9711876
945,0.5627931256981794,15.883816,0.9226532
946,0.5649262257869324,16.854263,1.0640888
947,0.4551917718099795,16.210045,0.95116425
948,0.5514085059102746,16.39574,1.0153227
949,0.4966394702915683,17.314121,1.1815739
950,0.5517201993839447,16.110209,1.0219975
951,0.5291326419958338,15.9162035,1.0391407
952,0.5096387467907124,15.607579,0.8713217
953,0.4148458831078824,17.251345,1.1590557
954,0.7553822622325245,16.59633,1.1369371
955,0.5069416093762212,15.75955,0.8985672
956,0.5923157911887587,17.581753,1.2609558
957,0.5020206176698725,17.86561,1.3483524
958,0.574714468359945,16.951813,1.0652466
959,0.7415969603045994,16.118645,1.0266151
960,0.5424362175966018,14.423832,0.8316412
961,0.5173287252313079,16.139118,0.96972466
962,0.8057611291191423,15.427418,0.917099
963,0.5456693444688482,17.23805,1.1814709
964,0.511331573191685,15.013618,0.8973131
965,0.5501272310625317,16.237398,0.93925095
966,0.6118633143101027,16.99189,1.1720161
967,0.5234174240995466,15.549785,0.92639256
968,0.4187941790305033,17.230501,1.2144909
969,0.392748706981186,17.200926,1.1876907
970,0.5851713883276234,15.966581,0.94661903
971,0.559944993019165,11.84438,1.1987906
972,0.4423243378830722,17.139791,1.1840973
973,0.5405800693912545,15.404551,0.88362217
974,0.5362643437706168,16.704975,1.046812
975,0.5332248518693825,16.425974,0.9700184
976,0.5454364426678121,12.144729,1.3786564
977,0.4351604349432964,17.292688,1.1836224
978,0.5582430900657247,15.864394,0.8995018
979,0.5254948362864772,15.885141,0.93364143
980,0.5601777147283282,17.379412,1.2120724
981,0.6138413651184644,16.382168,0.997324
982,0.6062063797493915,12.237852,1.4226103
983,0.5130839376028666,15.26153,0.89266396
984,0.6259080057106812,17.581844,1.2609959
985,0.5115419349119578,16.067793,0.96052074
986,0.676526206855108,17.559513,1.253828
987,0.534191146409489,16.953224,1.0385151
988,0.4946989928586567,17.836014,1.334753
989,0.5499443904467882,16.45302,0.98542976
990,0.5583453041234862,15.892577,0.9883795
991,0.5355512463117221,16.399723,1.0073595
992,0.5468921747504204,15.216856,0.8653679
993,0.4444401003100542,17.409319,1.1326885
994,0.500171728207714,14.805784,1.0006847
995,0.536947152975581,16.89976,1.1165104
996,0.4667440720336456,16.924109,1.1041851
997,0.5310304762722743,16.300919,0.9922371
998,0.5002740967490135,17.738676,1.3576355
999,0.7047423805799471,15.171004,0.88934517
1000,0.4831459554495064,16.53956,1.0128345
1001,0.4950400054617738,15.325004,0.88669014
1002,0.5150643154036316,15.324729,0.8867912
1003,0.5070065899509714,14.838107,0.88777924
1004,0.2019095107726944,14.07382,1.2527037
1005,0.5746438392982967,16.874037,1.0680294
1006,0.5748371193720339,15.827577,0.9116955
1007,0.4974568039039487,17.139301,1.1338348
1008,0.6070591237352684,17.834692,1.41745
1009,0.7718777022179256,15.531109,0.98245907
1010,0.4033243415101144,16.6982,1.0179482
1011,0.5495689096193108,14.542662,1.2317038
1012,0.279860465571704,16.647816,0.847414
1013,0.6440595693725341,17.755325,1.3177528
1014,0.4886808790231294,16.555231,1.0524435
1015,0.520898128790034,13.961099,1.2559328
1016,0.5217293564242572,15.522716,0.9076624
1017,0.3218784994656851,17.462946,1.0051975
1018,0.5011771929611052,17.764109,1.2364159
1019,0.5416361457870466,14.359849,1.2287903
1020,0.5342857555212964,15.89916,0.9640608
1021,0.2669466961560179,13.516267,1.3452644
1022,0.4965939897303298,16.390202,0.99793625
1023,0.5372744081743597,11.074829,1.7829742
1024,0.3842027539923252,17.488512,1.2680912
1025,0.3394877151773677,16.077145,0.8633652
1026,0.5565060401317115,17.32132,1.091816
1027,0.5372899813249291,12.318228,1.4820347
1028,0.442933330411613,16.3107,1.023612
1029,0.5192066949640144,16.79547,1.0858154
1030,0.5503199192377829,16.11041,1.0314627
1031,0.4897202067498343,16.885935,1.1019897
1032,0.5764760103935114,16.75585,1.1045017
1033,0.5163335654414045,14.897465,1.1871977
1034,0.4942199420878158,17.431688,1.2273712
1035,0.5338286946914357,15.034425,0.8916073
1036,0.5046334497589086,15.614136,0.924592
1037,0.4816750808093358,15.418174,0.9638481
1038,0.6496660933435636,16.350683,1.050849
1039,0.4647628414500193,16.339327,0.97256947
1040,0.6361111807894014,16.317425,1.0616312
1041,0.5168383961358379,15.538467,0.9208622
1042,0.5216000854663599,15.161777,0.8764763
1043,0.5638820573426566,15.399484,1.0193682
1044,0.4991709104860733,16.114876,0.9102173
1045,0.552232225751262,17.286964,1.1943817
1046,0.5362134435903676,16.993086,1.1237984
1047,1.1822347962616253,17.547407,1.9524498
1048,0.5359298880988358,16.158344,1.0217342
1049,0.4919594610262638,17.775715,1.2092133
1050,0.5142174967370282,15.614788,0.9157438
1051,0.5565381080984667,15.617877,0.90340424
1052,0.5684207871930921,16.734106,1.4624252
1053,0.5470794905880567,16.37164,1.0662174
1054,0.542000228635744,15.206446,0.88968277
1055,0.5582637356425919,16.742083,1.0787983
1056,0.6648720682598596,16.43888,1.1959543
1057,0.3824176305229486,17.86465,1.2383842
1058,0.6810210001354503,17.858292,1.6448784
1059,0.3496676216226546,17.10267,0.9464092
1060,0.4880167473876441,15.354287,0.9866762
1061,0.6249850814674088,17.533842,1.2921562
1062,0.5822886570849131,16.26422,1.0395231
1063,0.518765928669956,15.951724,0.9758682
1064,0.542254565602885,14.966182,0.93190193
1065,0.5545636535799849,16.7779,1.0185165
1066,0.4492963076886002,16.568888,1.0617123
1067,3.065693692043045,17.781693,2.671917
1068,0.2961852244082829,16.85005,0.915102
1069,0.5906667871874025,17.829206,1.3768997
1070,0.5010625461700899,15.634735,1.1047564
1071,0.3149628923852254,14.783065,1.2851896
1072,0.3058305312344824,17.452251,1.0051117
